[
  {
    "ref_joint_id": "",
    "id": "1",
    "workout_id": "",
    "ref_zones_id_a": "",
    "ref_zones_id_b": "",
    "fixed_side_anchor_id": "",
    "rotational_bias": "",
    "joint_motion": "",
    "start_coord": "",
    "end_coord": "",
    "tissue_id": "",
    "drill_name": "",
    "duration": "",
    "passive_duration": "",
    "rpe": "",
    "external_load": ""
  },
  {
    "ref_joint_id": "",
    "id": "2",
    "workout_id": "",
    "ref_zones_id_a": "",
    "ref_zones_id_b": "",
    "fixed_side_anchor_id": "",
    "rotational_bias": "",
    "joint_motion": "",
    "start_coord": "",
    "end_coord": "",
    "tissue_id": "",
    "drill_name": "",
    "duration": "",
    "passive_duration": "",
    "rpe": "",
    "external_load": ""
  },
  {
    "ref_joint_id": "",
    "id": "3",
    "workout_id": "",
    "ref_zones_id_a": "",
    "ref_zones_id_b": "",
    "fixed_side_anchor_id": "",
    "rotational_bias": "",
    "joint_motion": "",
    "start_coord": "",
    "end_coord": "",
    "tissue_id": "",
    "drill_name": "",
    "duration": "",
    "passive_duration": "",
    "rpe": "",
    "external_load": ""
  }
]
