{
    "1": {
        "Rx": {
            "id": 1,
            "ref_zones_id_a": 25,
            "ref_zones_id_b": "",
            "fixed_side_anchor_id": 49,
            "rotational_value": "",
            "start_coord": 100,
            "end_coord": "",
            "drill_name": "IC2",
            "rails": null,
            "reps_array": "1, 1, 0, 0, 0, 0",
            "multijoint": 0,
            "duration": 44,
            "passive_duration": "",
            "rpe": 8,
            "external_load": "",
            "comments": null,
            "side": "R",
            "ref_joint_name": "GH",
            "ref_joint_type": "synovial",
            "ref_joint_id": 6
        },
        "results": {
            "rails": false,
            "passive_duration": 0,
            "duration": 0,
            "rpe": 0,
            "external_load": 0
        }
    },
    "2": {
        "Rx": {
            "id": 2,
            "ref_zones_id_a": null,
            "ref_zones_id_b": null,
            "fixed_side_anchor_id": null,
            "rotational_value": null,
            "start_coord": null,
            "end_coord": null,
            "drill_name": "push-up",
            "rails": null,
            "reps_array": "1,0,1,1,1,1",
            "multijoint": 1,
            "duration": 30,
            "passive_duration": null,
            "rpe": 3,
            "external_load": 0,
            "comments": null,
            "side": null,
            "ref_joint_name": null,
            "ref_joint_type": null,
            "ref_joint_id": null
        },
        "results": {
            "rails": false,
            "passive_duration": 0,
            "duration": "34",
            "rpe": 3,
            "external_load": "22"
        }
    },
    "mover_id": "1",
    "workout_id": 1,
    "date_done": "2023-03-21T19:56:49.980Z"
}