{
    "id": "",
    "workout_title": "Latest Wkout Shape",
    "date_init": "2023-03-28",
    "moverid": 1,
    "comments": "",
    "inputs": {
        "1": {
            "id": 1,
            "drill_name": "push-up",
            "duration": 20,
            "reps_array": [
                2,
                5,
                1,
                1,
                1,
                1
            ],
            "rpe": 6,
            "external_load": 0,
            "side": "",
            "multijoint": true,
            "completed": true
        },
        "2": {
            "ref_joint_id": "14",
            "ref_joint_name": "knee",
            "id": 2,
            "ref_zones_id_a": "",
            "ref_zones_id_b": "",
            "fixed_side_anchor_id": "",
            "rotational_value": "",
            "start_coord": "",
            "end_coord": "",
            "drill_name": "CARs",
            "duration": 60,
            "passive_duration": "",
            "rpe": 6,
            "reps_array": [
                1,
                0,
                0,
                0,
                0,
                0
            ],
            "multijoint": false,
            "external_load": "",
            "ref_joint_side": "R",
            "completed": true
        },
        "3": {
            "ref_joint_id": 15,
            "ref_joint_name": "knee",
            "id": 3,
            "ref_zones_id_a": "",
            "ref_zones_id_b": "",
            "fixed_side_anchor_id": "",
            "rotational_value": "",
            "start_coord": "",
            "end_coord": "",
            "drill_name": "CARs",
            "duration": 60,
            "passive_duration": "",
            "rpe": 6,
            "reps_array": [
                1,
                0,
                0,
                0,
                0,
                0
            ],
            "multijoint": false,
            "external_load": "",
            "ref_joint_side": "L",
            "completed": true
        },
        "4": {
            "id": 4,
            "drill_name": "plank",
            "duration": 15,
            "reps_array": [
                2,
                0,
                0,
                0,
                0,
                0
            ],
            "rpe": 9,
            "external_load": 10,
            "side": "",
            "multijoint": true,
            "completed": true
        },
        "5": {
            "id": 5,
            "drill_name": "",
            "duration": 0,
            "reps_array": [
                1,
                0,
                0,
                0,
                0,
                0
            ],
            "rpe": 0,
            "external_load": 0,
            "side": "",
            "multijoint": true
        }
    },
    "schema": [
        {
            "circuit": [
                "1"
            ],
            "iterations": 1
        },
        {
            "circuit": [
                "2"
            ],
            "iterations": 1
        },
        {
            "circuit": [
                "3"
            ],
            "iterations": 1
        },
        {
            "circuit": [
                "4"
            ],
            "iterations": 1
        },
        {
            "circuit": [
                "5"
            ],
            "iterations": 1
        }
    ]
}{
    "id": "",
    "workout_title": "Latest Wkout Shape",
    "date_init": "2023-03-28",
    "moverid": 1,
    "comments": "",
    "inputs": {
        "1": {
            "id": 1,
            "drill_name": "push-up",
            "duration": 20,
            "reps_array": [
                2,
                5,
                1,
                1,
                1,
                1
            ],
            "rpe": 6,
            "external_load": 0,
            "side": "",
            "multijoint": true,
            "completed": true
        },
        "2": {
            "ref_joint_id": "14",
            "ref_joint_name": "knee",
            "id": 2,
            "ref_zones_id_a": "",
            "ref_zones_id_b": "",
            "fixed_side_anchor_id": "",
            "rotational_value": "",
            "start_coord": "",
            "end_coord": "",
            "drill_name": "CARs",
            "duration": 60,
            "passive_duration": "",
            "rpe": 6,
            "reps_array": [
                1,
                0,
                0,
                0,
                0,
                0
            ],
            "multijoint": false,
            "external_load": "",
            "ref_joint_side": "R",
            "completed": true
        },
        "3": {
            "ref_joint_id": 15,
            "ref_joint_name": "knee",
            "id": 3,
            "ref_zones_id_a": "",
            "ref_zones_id_b": "",
            "fixed_side_anchor_id": "",
            "rotational_value": "",
            "start_coord": "",
            "end_coord": "",
            "drill_name": "CARs",
            "duration": 60,
            "passive_duration": "",
            "rpe": 6,
            "reps_array": [
                1,
                0,
                0,
                0,
                0,
                0
            ],
            "multijoint": false,
            "external_load": "",
            "ref_joint_side": "L",
            "completed": true
        },
        "4": {
            "id": 4,
            "drill_name": "plank",
            "duration": 15,
            "reps_array": [
                2,
                0,
                0,
                0,
                0,
                0
            ],
            "rpe": 9,
            "external_load": 10,
            "side": "",
            "multijoint": true,
            "completed": true
        },
        "5": {
            "id": 5,
            "drill_name": "",
            "duration": 0,
            "reps_array": [
                1,
                0,
                0,
                0,
                0,
                0
            ],
            "rpe": 0,
            "external_load": 0,
            "side": "",
            "multijoint": true
        }
    },
    "schema": [
        {
            "circuit": [
                "1"
            ],
            "iterations": 1
        },
        {
            "circuit": [
                "2"
            ],
            "iterations": 1
        },
        {
            "circuit": [
                "3"
            ],
            "iterations": 1
        },
        {
            "circuit": [
                "4"
            ],
            "iterations": 1
        },
        {
            "circuit": [
                "5"
            ],
            "iterations": 1
        }
    ]
}{
    "id": "",
    "workout_title": "Latest Wkout Shape",
    "date_init": "2023-03-28",
    "moverid": 1,
    "comments": "",
    "inputs": {
        "1": {
            "id": 1,
            "drill_name": "push-up",
            "duration": 20,
            "reps_array": [
                2,
                5,
                1,
                1,
                1,
                1
            ],
            "rpe": 6,
            "external_load": 0,
            "side": "",
            "multijoint": true,
            "completed": true
        },
        "2": {
            "ref_joint_id": "14",
            "ref_joint_name": "knee",
            "id": 2,
            "ref_zones_id_a": "",
            "ref_zones_id_b": "",
            "fixed_side_anchor_id": "",
            "rotational_value": "",
            "start_coord": "",
            "end_coord": "",
            "drill_name": "CARs",
            "duration": 60,
            "passive_duration": "",
            "rpe": 6,
            "reps_array": [
                1,
                0,
                0,
                0,
                0,
                0
            ],
            "multijoint": false,
            "external_load": "",
            "ref_joint_side": "R",
            "completed": true
        },
        "3": {
            "ref_joint_id": 15,
            "ref_joint_name": "knee",
            "id": 3,
            "ref_zones_id_a": "",
            "ref_zones_id_b": "",
            "fixed_side_anchor_id": "",
            "rotational_value": "",
            "start_coord": "",
            "end_coord": "",
            "drill_name": "CARs",
            "duration": 60,
            "passive_duration": "",
            "rpe": 6,
            "reps_array": [
                1,
                0,
                0,
                0,
                0,
                0
            ],
            "multijoint": false,
            "external_load": "",
            "ref_joint_side": "L",
            "completed": true
        },
        "4": {
            "id": 4,
            "drill_name": "plank",
            "duration": 15,
            "reps_array": [
                2,
                0,
                0,
                0,
                0,
                0
            ],
            "rpe": 9,
            "external_load": 10,
            "side": "",
            "multijoint": true,
            "completed": true
        },
        "5": {
            "id": 5,
            "drill_name": "",
            "duration": 0,
            "reps_array": [
                1,
                0,
                0,
                0,
                0,
                0
            ],
            "rpe": 0,
            "external_load": 0,
            "side": "",
            "multijoint": true
        }
    },
    "schema": [
        {
            "circuit": [
                "1"
            ],
            "iterations": 1
        },
        {
            "circuit": [
                "2"
            ],
            "iterations": 1
        },
        {
            "circuit": [
                "3"
            ],
            "iterations": 1
        },
        {
            "circuit": [
                "4"
            ],
            "iterations": 1
        },
        {
            "circuit": [
                "5"
            ],
            "iterations": 1
        }
    ]
}{
    "id": "",
    "workout_title": "Latest Wkout Shape",
    "date_init": "2023-03-28",
    "moverid": 1,
    "comments": "",
    "inputs": {
        "1": {
            "id": 1,
            "drill_name": "push-up",
            "duration": 20,
            "reps_array": [
                2,
                5,
                1,
                1,
                1,
                1
            ],
            "rpe": 6,
            "external_load": 0,
            "side": "",
            "multijoint": true,
            "completed": true
        },
        "2": {
            "ref_joint_id": "14",
            "ref_joint_name": "knee",
            "id": 2,
            "ref_zones_id_a": "",
            "ref_zones_id_b": "",
            "fixed_side_anchor_id": "",
            "rotational_value": "",
            "start_coord": "",
            "end_coord": "",
            "drill_name": "CARs",
            "duration": 60,
            "passive_duration": "",
            "rpe": 6,
            "reps_array": [
                1,
                0,
                0,
                0,
                0,
                0
            ],
            "multijoint": false,
            "external_load": "",
            "ref_joint_side": "R",
            "completed": true
        },
        "3": {
            "ref_joint_id": 15,
            "ref_joint_name": "knee",
            "id": 3,
            "ref_zones_id_a": "",
            "ref_zones_id_b": "",
            "fixed_side_anchor_id": "",
            "rotational_value": "",
            "start_coord": "",
            "end_coord": "",
            "drill_name": "CARs",
            "duration": 60,
            "passive_duration": "",
            "rpe": 6,
            "reps_array": [
                1,
                0,
                0,
                0,
                0,
                0
            ],
            "multijoint": false,
            "external_load": "",
            "ref_joint_side": "L",
            "completed": true
        },
        "4": {
            "id": 4,
            "drill_name": "plank",
            "duration": 15,
            "reps_array": [
                2,
                0,
                0,
                0,
                0,
                0
            ],
            "rpe": 9,
            "external_load": 10,
            "side": "",
            "multijoint": true,
            "completed": true
        },
        "5": {
            "id": 5,
            "drill_name": "",
            "duration": 0,
            "reps_array": [
                1,
                0,
                0,
                0,
                0,
                0
            ],
            "rpe": 0,
            "external_load": 0,
            "side": "",
            "multijoint": true
        }
    },
    "schema": [
        {
            "circuit": [
                "1"
            ],
            "iterations": 1
        },
        {
            "circuit": [
                "2"
            ],
            "iterations": 1
        },
        {
            "circuit": [
                "3"
            ],
            "iterations": 1
        },
        {
            "circuit": [
                "4"
            ],
            "iterations": 1
        },
        {
            "circuit": [
                "5"
            ],
            "iterations": 1
        }
    ]
}{
    "id": "",
    "workout_title": "Latest Wkout Shape",
    "date_init": "2023-03-28",
    "moverid": 1,
    "comments": "",
    "inputs": {
        "1": {
            "id": 1,
            "drill_name": "push-up",
            "duration": 20,
            "reps_array": [
                2,
                5,
                1,
                1,
                1,
                1
            ],
            "rpe": 6,
            "external_load": 0,
            "side": "",
            "multijoint": true,
            "completed": true
        },
        "2": {
            "ref_joint_id": "14",
            "ref_joint_name": "knee",
            "id": 2,
            "ref_zones_id_a": "",
            "ref_zones_id_b": "",
            "fixed_side_anchor_id": "",
            "rotational_value": "",
            "start_coord": "",
            "end_coord": "",
            "drill_name": "CARs",
            "duration": 60,
            "passive_duration": "",
            "rpe": 6,
            "reps_array": [
                1,
                0,
                0,
                0,
                0,
                0
            ],
            "multijoint": false,
            "external_load": "",
            "ref_joint_side": "R",
            "completed": true
        },
        "3": {
            "ref_joint_id": 15,
            "ref_joint_name": "knee",
            "id": 3,
            "ref_zones_id_a": "",
            "ref_zones_id_b": "",
            "fixed_side_anchor_id": "",
            "rotational_value": "",
            "start_coord": "",
            "end_coord": "",
            "drill_name": "CARs",
            "duration": 60,
            "passive_duration": "",
            "rpe": 6,
            "reps_array": [
                1,
                0,
                0,
                0,
                0,
                0
            ],
            "multijoint": false,
            "external_load": "",
            "ref_joint_side": "L",
            "completed": true
        },
        "4": {
            "id": 4,
            "drill_name": "plank",
            "duration": 15,
            "reps_array": [
                2,
                0,
                0,
                0,
                0,
                0
            ],
            "rpe": 9,
            "external_load": 10,
            "side": "",
            "multijoint": true,
            "completed": true
        },
        "5": {
            "id": 5,
            "drill_name": "",
            "duration": 0,
            "reps_array": [
                1,
                0,
                0,
                0,
                0,
                0
            ],
            "rpe": 0,
            "external_load": 0,
            "side": "",
            "multijoint": true
        }
    },
    "schema": [
        {
            "circuit": [
                "1"
            ],
            "iterations": 1
        },
        {
            "circuit": [
                "2"
            ],
            "iterations": 1
        },
        {
            "circuit": [
                "3"
            ],
            "iterations": 1
        },
        {
            "circuit": [
                "4"
            ],
            "iterations": 1
        },
        {
            "circuit": [
                "5"
            ],
            "iterations": 1
        }
    ]
}{
    "id": "",
    "workout_title": "Latest Wkout Shape",
    "date_init": "2023-03-28",
    "moverid": 1,
    "comments": "",
    "inputs": {
        "1": {
            "id": 1,
            "drill_name": "push-up",
            "duration": 20,
            "reps_array": [
                2,
                5,
                1,
                1,
                1,
                1
            ],
            "rpe": 6,
            "external_load": 0,
            "side": "",
            "multijoint": true,
            "completed": true
        },
        "2": {
            "ref_joint_id": "14",
            "ref_joint_name": "knee",
            "id": 2,
            "ref_zones_id_a": "",
            "ref_zones_id_b": "",
            "fixed_side_anchor_id": "",
            "rotational_value": "",
            "start_coord": "",
            "end_coord": "",
            "drill_name": "CARs",
            "duration": 60,
            "passive_duration": "",
            "rpe": 6,
            "reps_array": [
                1,
                0,
                0,
                0,
                0,
                0
            ],
            "multijoint": false,
            "external_load": "",
            "ref_joint_side": "R",
            "completed": true
        },
        "3": {
            "ref_joint_id": 15,
            "ref_joint_name": "knee",
            "id": 3,
            "ref_zones_id_a": "",
            "ref_zones_id_b": "",
            "fixed_side_anchor_id": "",
            "rotational_value": "",
            "start_coord": "",
            "end_coord": "",
            "drill_name": "CARs",
            "duration": 60,
            "passive_duration": "",
            "rpe": 6,
            "reps_array": [
                1,
                0,
                0,
                0,
                0,
                0
            ],
            "multijoint": false,
            "external_load": "",
            "ref_joint_side": "L",
            "completed": true
        },
        "4": {
            "id": 4,
            "drill_name": "plank",
            "duration": 15,
            "reps_array": [
                2,
                0,
                0,
                0,
                0,
                0
            ],
            "rpe": 9,
            "external_load": 10,
            "side": "",
            "multijoint": true,
            "completed": true
        },
        "5": {
            "id": 5,
            "drill_name": "",
            "duration": 0,
            "reps_array": [
                1,
                0,
                0,
                0,
                0,
                0
            ],
            "rpe": 0,
            "external_load": 0,
            "side": "",
            "multijoint": true
        }
    },
    "schema": [
        {
            "circuit": [
                "1"
            ],
            "iterations": 1
        },
        {
            "circuit": [
                "2"
            ],
            "iterations": 1
        },
        {
            "circuit": [
                "3"
            ],
            "iterations": 1
        },
        {
            "circuit": [
                "4"
            ],
            "iterations": 1
        },
        {
            "circuit": [
                "5"
            ],
            "iterations": 1
        }
    ]
}{
    "id": "",
    "workout_title": "Latest Wkout Shape",
    "date_init": "2023-03-28",
    "moverid": 1,
    "comments": "",
    "inputs": {
        "1": {
            "id": 1,
            "drill_name": "push-up",
            "duration": 20,
            "reps_array": [
                2,
                5,
                1,
                1,
                1,
                1
            ],
            "rpe": 6,
            "external_load": 0,
            "side": "",
            "multijoint": true,
            "completed": true
        },
        "2": {
            "ref_joint_id": "14",
            "ref_joint_name": "knee",
            "id": 2,
            "ref_zones_id_a": "",
            "ref_zones_id_b": "",
            "fixed_side_anchor_id": "",
            "rotational_value": "",
            "start_coord": "",
            "end_coord": "",
            "drill_name": "CARs",
            "duration": 60,
            "passive_duration": "",
            "rpe": 6,
            "reps_array": [
                1,
                0,
                0,
                0,
                0,
                0
            ],
            "multijoint": false,
            "external_load": "",
            "ref_joint_side": "R",
            "completed": true
        },
        "3": {
            "ref_joint_id": 15,
            "ref_joint_name": "knee",
            "id": 3,
            "ref_zones_id_a": "",
            "ref_zones_id_b": "",
            "fixed_side_anchor_id": "",
            "rotational_value": "",
            "start_coord": "",
            "end_coord": "",
            "drill_name": "CARs",
            "duration": 60,
            "passive_duration": "",
            "rpe": 6,
            "reps_array": [
                1,
                0,
                0,
                0,
                0,
                0
            ],
            "multijoint": false,
            "external_load": "",
            "ref_joint_side": "L",
            "completed": true
        },
        "4": {
            "id": 4,
            "drill_name": "plank",
            "duration": 15,
            "reps_array": [
                2,
                0,
                0,
                0,
                0,
                0
            ],
            "rpe": 9,
            "external_load": 10,
            "side": "",
            "multijoint": true,
            "completed": true
        },
        "5": {
            "id": 5,
            "drill_name": "",
            "duration": 0,
            "reps_array": [
                1,
                0,
                0,
                0,
                0,
                0
            ],
            "rpe": 0,
            "external_load": 0,
            "side": "",
            "multijoint": true
        }
    },
    "schema": [
        {
            "circuit": [
                "1"
            ],
            "iterations": 1
        },
        {
            "circuit": [
                "2"
            ],
            "iterations": 1
        },
        {
            "circuit": [
                "3"
            ],
            "iterations": 1
        },
        {
            "circuit": [
                "4"
            ],
            "iterations": 1
        },
        {
            "circuit": [
                "5"
            ],
            "iterations": 1
        }
    ]
}{
    "id": "",
    "workout_title": "Latest Wkout Shape",
    "date_init": "2023-03-28",
    "moverid": 1,
    "comments": "",
    "inputs": {
        "1": {
            "id": 1,
            "drill_name": "push-up",
            "duration": 20,
            "reps_array": [
                2,
                5,
                1,
                1,
                1,
                1
            ],
            "rpe": 6,
            "external_load": 0,
            "side": "",
            "multijoint": true,
            "completed": true
        },
        "2": {
            "ref_joint_id": "14",
            "ref_joint_name": "knee",
            "id": 2,
            "ref_zones_id_a": "",
            "ref_zones_id_b": "",
            "fixed_side_anchor_id": "",
            "rotational_value": "",
            "start_coord": "",
            "end_coord": "",
            "drill_name": "CARs",
            "duration": 60,
            "passive_duration": "",
            "rpe": 6,
            "reps_array": [
                1,
                0,
                0,
                0,
                0,
                0
            ],
            "multijoint": false,
            "external_load": "",
            "ref_joint_side": "R",
            "completed": true
        },
        "3": {
            "ref_joint_id": 15,
            "ref_joint_name": "knee",
            "id": 3,
            "ref_zones_id_a": "",
            "ref_zones_id_b": "",
            "fixed_side_anchor_id": "",
            "rotational_value": "",
            "start_coord": "",
            "end_coord": "",
            "drill_name": "CARs",
            "duration": 60,
            "passive_duration": "",
            "rpe": 6,
            "reps_array": [
                1,
                0,
                0,
                0,
                0,
                0
            ],
            "multijoint": false,
            "external_load": "",
            "ref_joint_side": "L",
            "completed": true
        },
        "4": {
            "id": 4,
            "drill_name": "plank",
            "duration": 15,
            "reps_array": [
                2,
                0,
                0,
                0,
                0,
                0
            ],
            "rpe": 9,
            "external_load": 10,
            "side": "",
            "multijoint": true,
            "completed": true
        },
        "5": {
            "id": 5,
            "drill_name": "",
            "duration": 0,
            "reps_array": [
                1,
                0,
                0,
                0,
                0,
                0
            ],
            "rpe": 0,
            "external_load": 0,
            "side": "",
            "multijoint": true
        }
    },
    "schema": [
        {
            "circuit": [
                "1"
            ],
            "iterations": 1
        },
        {
            "circuit": [
                "2"
            ],
            "iterations": 1
        },
        {
            "circuit": [
                "3"
            ],
            "iterations": 1
        },
        {
            "circuit": [
                "4"
            ],
            "iterations": 1
        },
        {
            "circuit": [
                "5"
            ],
            "iterations": 1
        }
    ]
}{
    "id": "",
    "workout_title": "Latest Wkout Shape",
    "date_init": "2023-03-29",
    "moverid": 1,
    "comments": "",
    "inputs": {
        "1": {
            "id": 1,
            "drill_name": "push-up",
            "duration": 20,
            "reps_array": [
                2,
                5,
                1,
                1,
                1,
                1
            ],
            "rpe": 6,
            "external_load": 0,
            "side": "",
            "multijoint": true,
            "completed": true
        },
        "2": {
            "ref_joint_id": "14",
            "ref_joint_name": "knee",
            "id": 2,
            "ref_zones_id_a": "",
            "ref_zones_id_b": "",
            "fixed_side_anchor_id": "",
            "rotational_value": "",
            "start_coord": "",
            "end_coord": "",
            "drill_name": "CARs",
            "duration": 60,
            "passive_duration": "",
            "rpe": 6,
            "reps_array": [
                1,
                0,
                0,
                0,
                0,
                0
            ],
            "multijoint": false,
            "external_load": "",
            "ref_joint_side": "R",
            "completed": true
        },
        "3": {
            "ref_joint_id": 15,
            "ref_joint_name": "knee",
            "id": 3,
            "ref_zones_id_a": "",
            "ref_zones_id_b": "",
            "fixed_side_anchor_id": "",
            "rotational_value": "",
            "start_coord": "",
            "end_coord": "",
            "drill_name": "CARs",
            "duration": 60,
            "passive_duration": "",
            "rpe": 6,
            "reps_array": [
                1,
                0,
                0,
                0,
                0,
                0
            ],
            "multijoint": false,
            "external_load": "",
            "ref_joint_side": "L",
            "completed": true
        },
        "4": {
            "id": 4,
            "drill_name": "plank",
            "duration": 15,
            "reps_array": [
                2,
                0,
                0,
                0,
                0,
                0
            ],
            "rpe": 9,
            "external_load": 10,
            "side": "",
            "multijoint": true,
            "completed": true
        },
        "5": {
            "id": 5,
            "drill_name": "",
            "duration": 0,
            "reps_array": [
                1,
                0,
                0,
                0,
                0,
                0
            ],
            "rpe": 0,
            "external_load": 0,
            "side": "",
            "multijoint": true
        }
    },
    "schema": [
        {
            "circuit": [
                "1"
            ],
            "iterations": 1
        },
        {
            "circuit": [
                "2"
            ],
            "iterations": 1
        },
        {
            "circuit": [
                "3"
            ],
            "iterations": 1
        },
        {
            "circuit": [
                "4"
            ],
            "iterations": 1
        },
        {
            "circuit": [
                "5"
            ],
            "iterations": 1
        }
    ]
}{
    "id": "",
    "workout_title": "Latest Wkout Shape",
    "date_init": "2023-03-29",
    "moverid": 1,
    "comments": "",
    "inputs": {
        "1": {
            "id": 1,
            "drill_name": "push-up",
            "duration": 20,
            "reps_array": [
                2,
                5,
                1,
                1,
                1,
                1
            ],
            "rpe": 6,
            "external_load": 0,
            "side": "",
            "multijoint": true,
            "completed": true
        },
        "2": {
            "ref_joint_id": "14",
            "ref_joint_name": "knee",
            "id": 2,
            "ref_zones_id_a": "",
            "ref_zones_id_b": "",
            "fixed_side_anchor_id": "",
            "rotational_value": "",
            "start_coord": "",
            "end_coord": "",
            "drill_name": "CARs",
            "duration": 60,
            "passive_duration": "",
            "rpe": 6,
            "reps_array": [
                1,
                0,
                0,
                0,
                0,
                0
            ],
            "multijoint": false,
            "external_load": "",
            "ref_joint_side": "R",
            "completed": true
        },
        "3": {
            "ref_joint_id": 15,
            "ref_joint_name": "knee",
            "id": 3,
            "ref_zones_id_a": "",
            "ref_zones_id_b": "",
            "fixed_side_anchor_id": "",
            "rotational_value": "",
            "start_coord": "",
            "end_coord": "",
            "drill_name": "CARs",
            "duration": 60,
            "passive_duration": "",
            "rpe": 6,
            "reps_array": [
                1,
                0,
                0,
                0,
                0,
                0
            ],
            "multijoint": false,
            "external_load": "",
            "ref_joint_side": "L",
            "completed": true
        },
        "4": {
            "id": 4,
            "drill_name": "plank",
            "duration": 15,
            "reps_array": [
                2,
                0,
                0,
                0,
                0,
                0
            ],
            "rpe": 9,
            "external_load": 10,
            "side": "",
            "multijoint": true,
            "completed": true
        },
        "5": {
            "id": 5,
            "drill_name": "",
            "duration": 0,
            "reps_array": [
                1,
                0,
                0,
                0,
                0,
                0
            ],
            "rpe": 0,
            "external_load": 0,
            "side": "",
            "multijoint": true
        }
    },
    "schema": [
        {
            "circuit": [
                "1"
            ],
            "iterations": 1
        },
        {
            "circuit": [
                "2"
            ],
            "iterations": 1
        },
        {
            "circuit": [
                "3"
            ],
            "iterations": 1
        },
        {
            "circuit": [
                "4"
            ],
            "iterations": 1
        },
        {
            "circuit": [
                "5"
            ],
            "iterations": 1
        }
    ]
}{
    "id": "",
    "workout_title": "Rik Tester Wkout",
    "date_init": "2023-03-29",
    "moverid": "1",
    "comments": "",
    "inputs": {
        "1": {
            "id": 1,
            "drill_name": "push-up",
            "duration": 18,
            "reps_array": [
                1,
                0,
                0,
                0,
                0,
                0
            ],
            "rpe": 5,
            "external_load": 18,
            "side": "",
            "multijoint": true,
            "completed": true
        },
        "2": {
            "ref_joint_id": "12",
            "ref_joint_name": "hip",
            "id": 2,
            "ref_zones_id_a": "",
            "ref_zones_id_b": "",
            "fixed_side_anchor_id": "",
            "rotational_value": "",
            "start_coord": "",
            "end_coord": "",
            "drill_name": "CARs",
            "duration": 75,
            "passive_duration": "",
            "rpe": 6,
            "reps_array": [
                2,
                0,
                0,
                0,
                0,
                0
            ],
            "multijoint": false,
            "external_load": "",
            "ref_joint_side": "R",
            "completed": true
        },
        "3": {
            "ref_joint_id": 13,
            "ref_joint_name": "hip",
            "id": 3,
            "ref_zones_id_a": "",
            "ref_zones_id_b": "",
            "fixed_side_anchor_id": "",
            "rotational_value": "",
            "start_coord": "",
            "end_coord": "",
            "drill_name": "CARs",
            "duration": 75,
            "passive_duration": "",
            "rpe": 6,
            "reps_array": [
                2,
                0,
                0,
                0,
                0,
                0
            ],
            "multijoint": false,
            "external_load": "",
            "ref_joint_side": "L",
            "completed": true
        },
        "4": {
            "ref_joint_id": "16",
            "ref_joint_name": "ankle",
            "id": 4,
            "ref_zones_id_a": "101",
            "ref_zones_id_b": "",
            "fixed_side_anchor_id": "",
            "rotational_value": "",
            "start_coord": 60,
            "end_coord": "",
            "drill_name": "IC2",
            "duration": 62,
            "passive_duration": "18",
            "rpe": 5,
            "reps_array": [
                1,
                0,
                0,
                0,
                0,
                0
            ],
            "multijoint": false,
            "external_load": "",
            "ref_joint_side": "R",
            "ref_zone_name": "flex",
            "completed": true
        },
        "5": {
            "ref_joint_id": "",
            "ref_joint_name": "",
            "id": 5,
            "ref_zones_id_a": "",
            "ref_zones_id_b": "",
            "fixed_side_anchor_id": "",
            "rotational_value": "",
            "start_coord": "",
            "end_coord": "",
            "drill_name": "",
            "duration": 0,
            "passive_duration": "",
            "rpe": "",
            "reps_array": [
                1,
                0,
                0,
                0,
                0,
                0
            ],
            "multijoint": false,
            "external_load": "",
            "ref_joint_side": ""
        }
    },
    "schema": [
        {
            "circuit": [
                "1"
            ],
            "iterations": 1
        },
        {
            "circuit": [
                "2"
            ],
            "iterations": 1
        },
        {
            "circuit": [
                "3"
            ],
            "iterations": 1
        },
        {
            "circuit": [
                "4"
            ],
            "iterations": 1
        },
        {
            "circuit": [
                "5"
            ],
            "iterations": 1
        }
    ]
}{
    "id": "",
    "workout_title": "ALL Inputs For Testing",
    "date_init": "2023-03-29",
    "moverid": "1",
    "comments": "",
    "inputs": {
        "1": {
            "ref_joint_id": "4",
            "ref_joint_name": "scapular-thoracic",
            "id": 1,
            "ref_zones_id_a": "",
            "ref_zones_id_b": "",
            "fixed_side_anchor_id": "",
            "rotational_value": "",
            "start_coord": "",
            "end_coord": "",
            "drill_name": "CARs",
            "duration": 33,
            "passive_duration": "",
            "rpe": 7,
            "reps_array": [
                1,
                0,
                0,
                0,
                0,
                0
            ],
            "multijoint": false,
            "external_load": "",
            "ref_joint_side": "R",
            "completed": true
        },
        "2": {
            "ref_joint_id": "7",
            "ref_joint_name": "GH",
            "id": 2,
            "ref_zones_id_a": "29",
            "ref_zones_id_b": "",
            "fixed_side_anchor_id": "",
            "rotational_value": "",
            "start_coord": "",
            "end_coord": "",
            "drill_name": "IC1",
            "duration": 77,
            "passive_duration": "64",
            "rpe": 6,
            "reps_array": [
                2,
                0,
                0,
                0,
                0,
                0
            ],
            "multijoint": false,
            "external_load": "",
            "ref_joint_side": "L",
            "ref_zone_name": "flex",
            "rails": true,
            "completed": true
        },
        "3": {
            "ref_joint_id": "8",
            "ref_joint_name": "elbow",
            "id": 3,
            "ref_zones_id_a": "41",
            "ref_zones_id_b": "",
            "fixed_side_anchor_id": "",
            "rotational_value": 90,
            "start_coord": "",
            "end_coord": "",
            "drill_name": "IC2",
            "duration": 68,
            "passive_duration": "0",
            "rpe": 9,
            "reps_array": [
                1,
                0,
                0,
                0,
                0,
                0
            ],
            "multijoint": false,
            "external_load": "",
            "ref_joint_side": "R",
            "ref_zone_name": "ext",
            "coords": [
                0,
                15
            ],
            "completed": true
        },
        "4": {
            "ref_joint_id": "11",
            "ref_joint_name": "wrist",
            "id": 4,
            "ref_zones_id_a": "63",
            "ref_zones_id_b": "",
            "fixed_side_anchor_id": "",
            "rotational_value": "",
            "start_coord": "",
            "end_coord": "",
            "drill_name": "IC3",
            "duration": 77,
            "passive_duration": "",
            "rpe": 5,
            "reps_array": [
                2,
                0,
                0,
                0,
                0,
                0
            ],
            "multijoint": false,
            "external_load": "",
            "ref_joint_side": "L",
            "ref_zone_name": "abd",
            "coords": [
                50,
                100
            ],
            "completed": true
        },
        "5": {
            "ref_joint_id": "17",
            "ref_joint_name": "ankle",
            "id": 5,
            "ref_zones_id_a": "115",
            "ref_zones_id_b": "",
            "fixed_side_anchor_id": "",
            "rotational_value": "",
            "start_coord": "",
            "end_coord": "",
            "drill_name": "Muscular Scan",
            "duration": 30,
            "passive_duration": "",
            "rpe": 9,
            "reps_array": [
                1,
                0,
                0,
                0,
                0,
                0
            ],
            "multijoint": false,
            "external_load": "15",
            "ref_joint_side": "L",
            "ref_zone_name": "add",
            "coords": [
                0,
                5
            ],
            "completed": true
        },
        "6": {
            "ref_joint_id": "18",
            "ref_joint_name": "toes",
            "id": 6,
            "ref_zones_id_a": "121",
            "ref_zones_id_b": "",
            "fixed_side_anchor_id": "",
            "rotational_value": "",
            "start_coord": "",
            "end_coord": "",
            "drill_name": "PRH",
            "duration": 60,
            "passive_duration": "",
            "rpe": 7,
            "reps_array": [
                3,
                0,
                0,
                0,
                0,
                0
            ],
            "multijoint": false,
            "external_load": "",
            "ref_joint_side": "R",
            "ref_zone_name": "ext",
            "completed": true
        },
        "7": {
            "ref_joint_id": "2",
            "ref_joint_name": "TC",
            "id": 7,
            "ref_zones_id_a": "5",
            "ref_zones_id_b": "",
            "fixed_side_anchor_id": "",
            "rotational_value": "",
            "start_coord": "",
            "end_coord": "",
            "drill_name": "capsule CAR",
            "duration": 30,
            "passive_duration": "",
            "rpe": 6,
            "reps_array": [
                3,
                0,
                0,
                0,
                0,
                0
            ],
            "multijoint": false,
            "external_load": "",
            "ref_joint_side": "mid",
            "ref_zone_name": "flex",
            "completed": true
        },
        "8": {
            "id": 8,
            "drill_name": "push-up",
            "duration": 40,
            "reps_array": [
                2,
                5,
                1,
                3,
                1,
                3
            ],
            "rpe": 9,
            "external_load": 10,
            "side": "",
            "multijoint": true,
            "completed": true
        },
        "9": {
            "id": 9,
            "drill_name": "plank",
            "duration": 20,
            "reps_array": [
                3,
                0,
                0,
                0,
                0,
                0
            ],
            "rpe": 9,
            "external_load": 40,
            "side": "",
            "multijoint": true,
            "completed": true
        },
        "10": {
            "id": 10,
            "drill_name": "",
            "duration": 0,
            "reps_array": [
                1,
                0,
                0,
                0,
                0,
                0
            ],
            "rpe": 0,
            "external_load": 0,
            "side": "",
            "multijoint": true
        }
    },
    "schema": [
        {
            "circuit": [
                "1"
            ],
            "iterations": 1
        },
        {
            "circuit": [
                "2"
            ],
            "iterations": 1
        },
        {
            "circuit": [
                "3"
            ],
            "iterations": 1
        },
        {
            "circuit": [
                "4"
            ],
            "iterations": 1
        },
        {
            "circuit": [
                "5"
            ],
            "iterations": 1
        },
        {
            "circuit": [
                "6"
            ],
            "iterations": 1
        },
        {
            "circuit": [
                "7"
            ],
            "iterations": 1
        },
        {
            "circuit": [
                "8"
            ],
            "iterations": 1
        },
        {
            "circuit": [
                "9"
            ],
            "iterations": 1
        },
        {
            "circuit": [
                "10"
            ],
            "iterations": 1
        }
    ]
}{"id": "", "workout_title": "Faker", "date_init": "2023-03-29", "moverid": 1, "comments": "", "inputs": {"1": {"id": 1, "drill_name": "push-up", "duration": 25, "reps_array": [1, 0, 0, 0, 0, 0], "rpe": 3, "external_load": 0, "side": "", "multijoint": true, "completed": true}, "2": {"id": 2, "drill_name": "", "duration": 0, "reps_array": [1, 0, 0, 0, 0, 0], "rpe": 0, "external_load": 0, "side": "", "multijoint": true}}, "schema": [{"circuit": ["1"], "iterations": 1}, {"circuit": ["2"], "iterations": 1}]}{"id": "", "workout_title": "Nathan's Daily Neck CARs", "date_init": "2023-03-30", "moverid": "6", "comments": "", "inputs": {"1": {"ref_joint_id": "1", "ref_joint_name": "AO", "id": 1, "ref_zones_id_a": "1", "ref_zones_id_b": "", "fixed_side_anchor_id": "", "rotational_value": "", "start_coord": "", "end_coord": "", "drill_name": "Muscular Scan", "duration": 120, "passive_duration": "", "rpe": 3, "reps_array": [1, 0, 0, 0, 0, 0], "multijoint": false, "external_load": "", "ref_joint_side": "mid", "ref_zone_name": "flex", "coords": [0, 65], "completed": true}, "2": {"ref_joint_id": "", "ref_joint_name": "", "id": 2, "ref_zones_id_a": "", "ref_zones_id_b": "", "fixed_side_anchor_id": "", "rotational_value": "", "start_coord": "", "end_coord": "", "drill_name": "", "duration": 0, "passive_duration": "", "rpe": "", "reps_array": [1, 0, 0, 0, 0, 0], "multijoint": false, "external_load": "", "ref_joint_side": ""}}, "schema": [{"circuit": ["1"], "iterations": 1}, {"circuit": ["2"], "iterations": 1}]}{"id": "", "workout_title": "ALL Inputs For Testing", "date_init": "2023-03-29", "moverid": "1", "comments": "", "inputs": {"1": {"ref_joint_id": "4", "ref_joint_name": "scapular-thoracic", "id": 1, "ref_zones_id_a": "", "ref_zones_id_b": "", "fixed_side_anchor_id": "", "rotational_value": "", "start_coord": "", "end_coord": "", "drill_name": "CARs", "duration": 33, "passive_duration": "", "rpe": 7, "reps_array": [1, 0, 0, 0, 0, 0], "multijoint": false, "external_load": "", "ref_joint_side": "R", "completed": true}, "2": {"ref_joint_id": "7", "ref_joint_name": "GH", "id": 2, "ref_zones_id_a": "29", "ref_zones_id_b": "", "fixed_side_anchor_id": "", "rotational_value": "", "start_coord": "", "end_coord": "", "drill_name": "IC1", "duration": 77, "passive_duration": "64", "rpe": 6, "reps_array": [2, 0, 0, 0, 0, 0], "multijoint": false, "external_load": "", "ref_joint_side": "L", "ref_zone_name": "flex", "rails": true, "completed": true}, "3": {"ref_joint_id": "8", "ref_joint_name": "elbow", "id": 3, "ref_zones_id_a": "41", "ref_zones_id_b": "", "fixed_side_anchor_id": "", "rotational_value": 90, "start_coord": "", "end_coord": "", "drill_name": "IC2", "duration": 68, "passive_duration": "0", "rpe": 9, "reps_array": [1, 0, 0, 0, 0, 0], "multijoint": false, "external_load": "", "ref_joint_side": "R", "ref_zone_name": "ext", "coords": [0, 15], "completed": true}, "4": {"ref_joint_id": "11", "ref_joint_name": "wrist", "id": 4, "ref_zones_id_a": "63", "ref_zones_id_b": "", "fixed_side_anchor_id": "", "rotational_value": "", "start_coord": "", "end_coord": "", "drill_name": "IC3", "duration": 77, "passive_duration": "", "rpe": 5, "reps_array": [2, 0, 0, 0, 0, 0], "multijoint": false, "external_load": "", "ref_joint_side": "L", "ref_zone_name": "abd", "coords": [50, 100], "completed": true}, "5": {"ref_joint_id": "17", "ref_joint_name": "ankle", "id": 5, "ref_zones_id_a": "115", "ref_zones_id_b": "", "fixed_side_anchor_id": "", "rotational_value": "", "start_coord": "", "end_coord": "", "drill_name": "Muscular Scan", "duration": 30, "passive_duration": "", "rpe": 9, "reps_array": [1, 0, 0, 0, 0, 0], "multijoint": false, "external_load": "15", "ref_joint_side": "L", "ref_zone_name": "add", "coords": [0, 5], "completed": true}, "6": {"ref_joint_id": "18", "ref_joint_name": "toes", "id": 6, "ref_zones_id_a": "121", "ref_zones_id_b": "", "fixed_side_anchor_id": "", "rotational_value": "", "start_coord": "", "end_coord": "", "drill_name": "PRH", "duration": 60, "passive_duration": "", "rpe": 7, "reps_array": [3, 0, 0, 0, 0, 0], "multijoint": false, "external_load": "", "ref_joint_side": "R", "ref_zone_name": "ext", "completed": true}, "7": {"ref_joint_id": "2", "ref_joint_name": "TC", "id": 7, "ref_zones_id_a": "5", "ref_zones_id_b": "", "fixed_side_anchor_id": "", "rotational_value": "", "start_coord": "", "end_coord": "", "drill_name": "capsule CAR", "duration": 30, "passive_duration": "", "rpe": 6, "reps_array": [3, 0, 0, 0, 0, 0], "multijoint": false, "external_load": "", "ref_joint_side": "mid", "ref_zone_name": "flex", "completed": true}, "8": {"id": 8, "drill_name": "push-up", "duration": 40, "reps_array": [2, 5, 1, 3, 1, 3], "rpe": 9, "external_load": 10, "side": "", "multijoint": true, "completed": true}, "9": {"id": 9, "drill_name": "plank", "duration": 20, "reps_array": [3, 0, 0, 0, 0, 0], "rpe": 9, "external_load": 40, "side": "", "multijoint": true, "completed": true}, "10": {"id": 10, "drill_name": "", "duration": 0, "reps_array": [1, 0, 0, 0, 0, 0], "rpe": 0, "external_load": 0, "side": "", "multijoint": true}}, "schema": [{"circuit": ["1"], "iterations": 1}, {"circuit": ["2"], "iterations": 1}, {"circuit": ["3"], "iterations": 1}, {"circuit": ["4"], "iterations": 1}, {"circuit": ["5"], "iterations": 1}, {"circuit": ["6"], "iterations": 1}, {"circuit": ["7"], "iterations": 1}, {"circuit": ["8"], "iterations": 1}, {"circuit": ["9"], "iterations": 1}, {"circuit": ["10"], "iterations": 1}]}