{
    "2": {
        "Rx": {
            "id": 2,
            "ref_zones_id_a": null,
            "ref_zones_id_b": null,
            "fixed_side_anchor_id": null,
            "rotational_value": null,
            "start_coord": null,
            "end_coord": null,
            "drill_name": "push-up",
            "rails": null,
            "reps_array": [
                2,
                5,
                1,
                1,
                1,
                1
            ],
            "multijoint": 1,
            "duration": 20,
            "passive_duration": null,
            "rpe": 6,
            "external_load": 0,
            "comments": null,
            "side": null,
            "ref_joint_name": null,
            "ref_joint_type": null,
            "ref_joint_id": null
        },
        "results": {
            "rails": null,
            "passive_duration": null,
            "duration": 20,
            "rpe": 6,
            "external_load": 0,
            "reps_array": [
                2,
                5,
                1,
                1,
                1,
                1
            ]
        }
    },
    "date_done": "2023-03-28T21:31:58.614Z",
    "workout_id": 2,
    "mover_id": 1
}{
    "3": {
        "Rx": {
            "id": 3,
            "ref_zones_id_a": "",
            "ref_zones_id_b": "",
            "fixed_side_anchor_id": "",
            "rotational_value": "",
            "start_coord": "",
            "end_coord": "",
            "drill_name": "CARs",
            "rails": null,
            "reps_array": [
                1,
                0,
                0,
                0,
                0,
                0
            ],
            "multijoint": 0,
            "duration": 60,
            "passive_duration": "",
            "rpe": 6,
            "external_load": "",
            "comments": null,
            "side": "R",
            "ref_joint_name": "knee",
            "ref_joint_type": "synovial",
            "ref_joint_id": 14
        },
        "results": {
            "rails": null,
            "passive_duration": "",
            "duration": 60,
            "rpe": 6,
            "external_load": "",
            "reps_array": [
                1,
                0,
                0,
                0,
                0,
                0
            ]
        }
    },
    "date_done": "2023-03-28T21:31:58.614Z",
    "workout_id": 2,
    "mover_id": 1
}{
    "3": {
        "Rx": {
            "id": 3,
            "ref_zones_id_a": "",
            "ref_zones_id_b": "",
            "fixed_side_anchor_id": "",
            "rotational_value": "",
            "start_coord": "",
            "end_coord": "",
            "drill_name": "CARs",
            "rails": null,
            "reps_array": [
                1,
                0,
                0,
                0,
                0,
                0
            ],
            "multijoint": 0,
            "duration": 60,
            "passive_duration": "",
            "rpe": 6,
            "external_load": "",
            "comments": null,
            "side": "R",
            "ref_joint_name": "knee",
            "ref_joint_type": "synovial",
            "ref_joint_id": 14
        },
        "results": {
            "rails": null,
            "passive_duration": "",
            "duration": 60,
            "rpe": 6,
            "external_load": "",
            "reps_array": [
                1,
                0,
                0,
                0,
                0,
                0
            ]
        }
    },
    "date_done": "2023-03-28T21:31:58.614Z",
    "workout_id": 2,
    "mover_id": 1
}{
    "3": {
        "Rx": {
            "id": 3,
            "ref_zones_id_a": "",
            "ref_zones_id_b": "",
            "fixed_side_anchor_id": "",
            "rotational_value": "",
            "start_coord": "",
            "end_coord": "",
            "drill_name": "CARs",
            "rails": null,
            "reps_array": [
                1,
                0,
                0,
                0,
                0,
                0
            ],
            "multijoint": 0,
            "duration": 60,
            "passive_duration": "",
            "rpe": 6,
            "external_load": "",
            "comments": null,
            "side": "R",
            "ref_joint_name": "knee",
            "ref_joint_type": "synovial",
            "ref_joint_id": 14
        },
        "results": {
            "rails": null,
            "passive_duration": "",
            "duration": 37,
            "rpe": 6,
            "external_load": "",
            "reps_array": [
                2,
                0,
                0,
                0,
                0,
                0
            ]
        }
    },
    "date_done": "2023-03-28T21:31:58.614Z",
    "workout_id": 2,
    "mover_id": 1
}{
    "4": {
        "Rx": {
            "id": 4,
            "ref_zones_id_a": "",
            "ref_zones_id_b": "",
            "fixed_side_anchor_id": "",
            "rotational_value": "",
            "start_coord": "",
            "end_coord": "",
            "drill_name": "CARs",
            "rails": null,
            "reps_array": [
                1,
                0,
                0,
                0,
                0,
                0
            ],
            "multijoint": 0,
            "duration": 60,
            "passive_duration": "",
            "rpe": 6,
            "external_load": "",
            "comments": null,
            "side": "L",
            "ref_joint_name": "knee",
            "ref_joint_type": "synovial",
            "ref_joint_id": 15
        },
        "results": {
            "rails": null,
            "passive_duration": "",
            "duration": 60,
            "rpe": 6,
            "external_load": "",
            "reps_array": [
                1,
                0,
                0,
                0,
                0,
                0
            ]
        }
    },
    "date_done": "2023-03-28T21:31:58.614Z",
    "workout_id": 2,
    "mover_id": 1
}{
    "5": {
        "Rx": {
            "id": 5,
            "ref_zones_id_a": null,
            "ref_zones_id_b": null,
            "fixed_side_anchor_id": null,
            "rotational_value": null,
            "start_coord": null,
            "end_coord": null,
            "drill_name": "plank",
            "rails": null,
            "reps_array": [
                2,
                0,
                0,
                0,
                0,
                0
            ],
            "multijoint": 1,
            "duration": 15,
            "passive_duration": null,
            "rpe": 9,
            "external_load": 10,
            "comments": null,
            "side": null,
            "ref_joint_name": null,
            "ref_joint_type": null,
            "ref_joint_id": null
        },
        "results": {
            "rails": null,
            "passive_duration": null,
            "duration": 15,
            "rpe": 9,
            "external_load": 10,
            "reps_array": [
                2,
                0,
                0,
                0,
                0,
                0
            ]
        }
    },
    "date_done": "2023-03-28T21:31:58.614Z",
    "workout_id": 2,
    "mover_id": 1
}{
    "2": {
        "Rx": {
            "id": 2,
            "ref_zones_id_a": null,
            "ref_zones_id_b": null,
            "fixed_side_anchor_id": null,
            "rotational_value": null,
            "start_coord": null,
            "end_coord": null,
            "drill_name": "push-up",
            "rails": null,
            "reps_array": [
                2,
                5,
                1,
                1,
                1,
                1
            ],
            "multijoint": 1,
            "duration": 20,
            "passive_duration": null,
            "rpe": 6,
            "external_load": 0,
            "comments": null,
            "side": null,
            "ref_joint_name": null,
            "ref_joint_type": null,
            "ref_joint_id": null
        },
        "results": {
            "rails": null,
            "passive_duration": null,
            "duration": 20,
            "rpe": 6,
            "external_load": 0,
            "reps_array": [
                2,
                5,
                1,
                1,
                1,
                1
            ]
        }
    },
    "date_done": "2023-03-28T21:49:06.764Z",
    "workout_id": 2,
    "mover_id": "1"
}{
    "3": {
        "Rx": {
            "id": 3,
            "ref_zones_id_a": "",
            "ref_zones_id_b": "",
            "fixed_side_anchor_id": "",
            "rotational_value": "",
            "start_coord": "",
            "end_coord": "",
            "drill_name": "CARs",
            "rails": null,
            "reps_array": [
                1,
                0,
                0,
                0,
                0,
                0
            ],
            "multijoint": 0,
            "duration": 60,
            "passive_duration": "",
            "rpe": 6,
            "external_load": "",
            "comments": null,
            "side": "R",
            "ref_joint_name": "knee",
            "ref_joint_type": "synovial",
            "ref_joint_id": 14
        },
        "results": {
            "rails": null,
            "passive_duration": "",
            "duration": 60,
            "rpe": 6,
            "external_load": "",
            "reps_array": [
                1,
                0,
                0,
                0,
                0,
                0
            ]
        }
    },
    "date_done": "2023-03-28T21:49:06.764Z",
    "workout_id": 2,
    "mover_id": "1"
}{
    "4": {
        "Rx": {
            "id": 4,
            "ref_zones_id_a": "",
            "ref_zones_id_b": "",
            "fixed_side_anchor_id": "",
            "rotational_value": "",
            "start_coord": "",
            "end_coord": "",
            "drill_name": "CARs",
            "rails": null,
            "reps_array": [
                1,
                0,
                0,
                0,
                0,
                0
            ],
            "multijoint": 0,
            "duration": 60,
            "passive_duration": "",
            "rpe": 6,
            "external_load": "",
            "comments": null,
            "side": "L",
            "ref_joint_name": "knee",
            "ref_joint_type": "synovial",
            "ref_joint_id": 15
        },
        "results": {
            "rails": null,
            "passive_duration": "",
            "duration": 60,
            "rpe": 6,
            "external_load": "",
            "reps_array": [
                1,
                0,
                0,
                0,
                0,
                0
            ]
        }
    },
    "date_done": "2023-03-28T21:49:06.764Z",
    "workout_id": 2,
    "mover_id": "1"
}{
    "5": {
        "Rx": {
            "id": 5,
            "ref_zones_id_a": null,
            "ref_zones_id_b": null,
            "fixed_side_anchor_id": null,
            "rotational_value": null,
            "start_coord": null,
            "end_coord": null,
            "drill_name": "plank",
            "rails": null,
            "reps_array": [
                2,
                0,
                0,
                0,
                0,
                0
            ],
            "multijoint": 1,
            "duration": 15,
            "passive_duration": null,
            "rpe": 9,
            "external_load": 10,
            "comments": null,
            "side": null,
            "ref_joint_name": null,
            "ref_joint_type": null,
            "ref_joint_id": null
        },
        "results": {
            "rails": null,
            "passive_duration": null,
            "duration": 15,
            "rpe": 9,
            "external_load": 10,
            "reps_array": [
                2,
                0,
                0,
                0,
                0,
                0
            ]
        }
    },
    "date_done": "2023-03-28T21:49:06.764Z",
    "workout_id": 2,
    "mover_id": "1"
}{
    "1": {
        "Rx": {
            "id": 1,
            "ref_zones_id_a": null,
            "ref_zones_id_b": null,
            "fixed_side_anchor_id": null,
            "rotational_value": null,
            "start_coord": null,
            "end_coord": null,
            "drill_name": "push-up",
            "rails": null,
            "reps_array": [
                2,
                5,
                1,
                1,
                1,
                1
            ],
            "multijoint": 1,
            "duration": 20,
            "passive_duration": null,
            "rpe": 6,
            "external_load": 0,
            "comments": null,
            "side": null,
            "ref_joint_name": null,
            "ref_joint_type": null,
            "ref_joint_id": null
        },
        "results": {
            "rails": false,
            "passive_duration": 0,
            "duration": 0,
            "rpe": 4,
            "external_load": 0,
            "reps_array": [
                1,
                5,
                1,
                1,
                1,
                1
            ]
        }
    },
    "date_done": "2023-03-29T17:43:31.452Z",
    "workout_id": 1,
    "mover_id": "1"
}{
    "1": {
        "Rx": {
            "id": 1,
            "ref_zones_id_a": null,
            "ref_zones_id_b": null,
            "fixed_side_anchor_id": null,
            "rotational_value": null,
            "start_coord": null,
            "end_coord": null,
            "drill_name": "push-up",
            "rails": null,
            "reps_array": [
                2,
                5,
                1,
                1,
                1,
                1
            ],
            "multijoint": 1,
            "duration": 20,
            "passive_duration": null,
            "rpe": 6,
            "external_load": 0,
            "comments": null,
            "side": null,
            "ref_joint_name": null,
            "ref_joint_type": null,
            "ref_joint_id": null
        },
        "results": {
            "rails": false,
            "passive_duration": 0,
            "duration": 0,
            "rpe": 6,
            "external_load": 0,
            "reps_array": [
                2,
                5,
                1,
                1,
                1,
                1
            ]
        }
    },
    "date_done": "2023-03-29T17:43:54.448Z",
    "workout_id": 1,
    "mover_id": "1"
}{
    "63": {
        "Rx": {
            "id": 63,
            "ref_zones_id_a": "",
            "ref_zones_id_b": "",
            "fixed_side_anchor_id": "",
            "rotational_value": "",
            "start_coord": "",
            "end_coord": "",
            "drill_name": "CARs",
            "rails": null,
            "reps_array": [
                1,
                0,
                0,
                0,
                0,
                0
            ],
            "multijoint": 0,
            "duration": 33,
            "passive_duration": "",
            "rpe": 7,
            "external_load": "",
            "comments": null,
            "side": "R",
            "ref_joint_name": "scapular-thoracic",
            "ref_joint_type": "sesamoid",
            "ref_joint_id": 4
        },
        "results": {
            "rails": null,
            "passive_duration": "",
            "duration": 33,
            "rpe": 7,
            "external_load": "",
            "reps_array": [
                1,
                0,
                0,
                0,
                0,
                0
            ]
        }
    },
    "date_done": "2023-03-29T21:57:19.336Z",
    "workout_id": 8,
    "mover_id": "1"
}{
    "64": {
        "Rx": {
            "id": 64,
            "ref_zones_id_a": 29,
            "ref_zones_id_b": "",
            "fixed_side_anchor_id": 57,
            "rotational_value": "",
            "start_coord": "",
            "end_coord": "",
            "drill_name": "IC1",
            "rails": true,
            "reps_array": [
                2,
                0,
                0,
                0,
                0,
                0
            ],
            "multijoint": 0,
            "duration": 77,
            "passive_duration": 64,
            "rpe": 6,
            "external_load": "",
            "comments": null,
            "side": "L",
            "ref_joint_name": "GH",
            "ref_joint_type": "synovial",
            "ref_joint_id": 7
        },
        "results": {
            "rails": true,
            "passive_duration": 64,
            "duration": 77,
            "rpe": 6,
            "external_load": "",
            "reps_array": [
                2,
                0,
                0,
                0,
                0,
                0
            ]
        }
    },
    "date_done": "2023-03-29T21:57:19.336Z",
    "workout_id": 8,
    "mover_id": "1"
}{
    "65": {
        "Rx": {
            "id": 65,
            "ref_zones_id_a": 41,
            "ref_zones_id_b": "",
            "fixed_side_anchor_id": 81,
            "rotational_value": 90,
            "start_coord": 0,
            "end_coord": 15,
            "drill_name": "IC2",
            "rails": null,
            "reps_array": [
                1,
                0,
                0,
                0,
                0,
                0
            ],
            "multijoint": 0,
            "duration": 68,
            "passive_duration": 0,
            "rpe": 9,
            "external_load": "",
            "comments": null,
            "side": "R",
            "ref_joint_name": "elbow",
            "ref_joint_type": "synovial",
            "ref_joint_id": 8
        },
        "results": {
            "rails": null,
            "passive_duration": 0,
            "duration": 68,
            "rpe": 9,
            "external_load": "",
            "reps_array": [
                1,
                0,
                0,
                0,
                0,
                0
            ]
        }
    },
    "date_done": "2023-03-29T21:57:19.336Z",
    "workout_id": 8,
    "mover_id": "1"
}{
    "66": {
        "Rx": {
            "id": 66,
            "ref_zones_id_a": 63,
            "ref_zones_id_b": "",
            "fixed_side_anchor_id": 125,
            "rotational_value": "",
            "start_coord": 50,
            "end_coord": 100,
            "drill_name": "IC3",
            "rails": null,
            "reps_array": [
                2,
                0,
                0,
                0,
                0,
                0
            ],
            "multijoint": 0,
            "duration": 77,
            "passive_duration": "",
            "rpe": 5,
            "external_load": "",
            "comments": null,
            "side": "L",
            "ref_joint_name": "wrist",
            "ref_joint_type": "synovial",
            "ref_joint_id": 11
        },
        "results": {
            "rails": null,
            "passive_duration": "",
            "duration": 77,
            "rpe": 5,
            "external_load": "",
            "reps_array": [
                2,
                0,
                0,
                0,
                0,
                0
            ]
        }
    },
    "date_done": "2023-03-29T21:57:19.336Z",
    "workout_id": 8,
    "mover_id": "1"
}{
    "67": {
        "Rx": {
            "id": 67,
            "ref_zones_id_a": 115,
            "ref_zones_id_b": "",
            "fixed_side_anchor_id": 229,
            "rotational_value": "",
            "start_coord": 0,
            "end_coord": 5,
            "drill_name": "Muscular Scan",
            "rails": null,
            "reps_array": [
                1,
                0,
                0,
                0,
                0,
                0
            ],
            "multijoint": 0,
            "duration": 30,
            "passive_duration": "",
            "rpe": 9,
            "external_load": 15,
            "comments": null,
            "side": "L",
            "ref_joint_name": "ankle",
            "ref_joint_type": "synovial",
            "ref_joint_id": 17
        },
        "results": {
            "rails": null,
            "passive_duration": "",
            "duration": 30,
            "rpe": 9,
            "external_load": 15,
            "reps_array": [
                1,
                0,
                0,
                0,
                0,
                0
            ]
        }
    },
    "date_done": "2023-03-29T21:57:19.336Z",
    "workout_id": 8,
    "mover_id": "1"
}{
    "68": {
        "Rx": {
            "id": 68,
            "ref_zones_id_a": 121,
            "ref_zones_id_b": "",
            "fixed_side_anchor_id": 241,
            "rotational_value": "",
            "start_coord": "",
            "end_coord": "",
            "drill_name": "PRH",
            "rails": null,
            "reps_array": [
                3,
                0,
                0,
                0,
                0,
                0
            ],
            "multijoint": 0,
            "duration": 60,
            "passive_duration": "",
            "rpe": 7,
            "external_load": "",
            "comments": null,
            "side": "R",
            "ref_joint_name": "toes",
            "ref_joint_type": "synovial",
            "ref_joint_id": 18
        },
        "results": {
            "rails": null,
            "passive_duration": "",
            "duration": 60,
            "rpe": 7,
            "external_load": "",
            "reps_array": [
                3,
                0,
                0,
                0,
                0,
                0
            ]
        }
    },
    "date_done": "2023-03-29T21:57:19.336Z",
    "workout_id": 8,
    "mover_id": "1"
}{
    "69": {
        "Rx": {
            "id": 69,
            "ref_zones_id_a": 5,
            "ref_zones_id_b": "",
            "fixed_side_anchor_id": 9,
            "rotational_value": "",
            "start_coord": "",
            "end_coord": "",
            "drill_name": "capsule CAR",
            "rails": null,
            "reps_array": [
                3,
                0,
                0,
                0,
                0,
                0
            ],
            "multijoint": 0,
            "duration": 30,
            "passive_duration": "",
            "rpe": 6,
            "external_load": "",
            "comments": null,
            "side": "mid",
            "ref_joint_name": "TC",
            "ref_joint_type": "spinal",
            "ref_joint_id": 2
        },
        "results": {
            "rails": null,
            "passive_duration": "",
            "duration": 30,
            "rpe": 6,
            "external_load": "",
            "reps_array": [
                3,
                0,
                0,
                0,
                0,
                0
            ]
        }
    },
    "date_done": "2023-03-29T21:57:19.336Z",
    "workout_id": 8,
    "mover_id": "1"
}{
    "70": {
        "Rx": {
            "id": 70,
            "ref_zones_id_a": null,
            "ref_zones_id_b": null,
            "fixed_side_anchor_id": null,
            "rotational_value": null,
            "start_coord": null,
            "end_coord": null,
            "drill_name": "push-up",
            "rails": null,
            "reps_array": [
                2,
                5,
                1,
                3,
                1,
                3
            ],
            "multijoint": 1,
            "duration": 40,
            "passive_duration": null,
            "rpe": 9,
            "external_load": 10,
            "comments": null,
            "side": null,
            "ref_joint_name": null,
            "ref_joint_type": null,
            "ref_joint_id": null
        },
        "results": {
            "rails": null,
            "passive_duration": null,
            "duration": 40,
            "rpe": 9,
            "external_load": 10,
            "reps_array": [
                2,
                5,
                1,
                3,
                1,
                3
            ]
        }
    },
    "date_done": "2023-03-29T21:57:19.336Z",
    "workout_id": 8,
    "mover_id": "1"
}{
    "71": {
        "Rx": {
            "id": 71,
            "ref_zones_id_a": null,
            "ref_zones_id_b": null,
            "fixed_side_anchor_id": null,
            "rotational_value": null,
            "start_coord": null,
            "end_coord": null,
            "drill_name": "plank",
            "rails": null,
            "reps_array": [
                3,
                0,
                0,
                0,
                0,
                0
            ],
            "multijoint": 1,
            "duration": 20,
            "passive_duration": null,
            "rpe": 9,
            "external_load": 40,
            "comments": null,
            "side": null,
            "ref_joint_name": null,
            "ref_joint_type": null,
            "ref_joint_id": null
        },
        "results": {
            "rails": null,
            "passive_duration": null,
            "duration": 20,
            "rpe": 9,
            "external_load": 40,
            "reps_array": [
                3,
                0,
                0,
                0,
                0,
                0
            ]
        }
    },
    "date_done": "2023-03-29T21:57:19.336Z",
    "workout_id": 8,
    "mover_id": "1"
}{"63": {"Rx": {"id": 63, "ref_zones_id_a": "", "ref_zones_id_b": "", "fixed_side_anchor_id": "", "rotational_value": "", "start_coord": "", "end_coord": "", "drill_name": "CARs", "rails": null, "reps_array": [1, 0, 0, 0, 0, 0], "multijoint": 0, "duration": 33, "passive_duration": "", "rpe": 7, "external_load": "", "comments": null, "side": "R", "ref_joint_name": "scapular-thoracic", "ref_joint_type": "sesamoid", "ref_joint_id": 4}, "results": {"rails": null, "passive_duration": "", "duration": 33, "rpe": 7, "external_load": "", "reps_array": [1, 0, 0, 0, 0, 0]}}, "date_done": "2023-03-29T22:39:50.196Z", "workout_id": 8, "mover_id": 1}{"63": {"Rx": {"id": 63, "ref_zones_id_a": "", "ref_zones_id_b": "", "fixed_side_anchor_id": "", "rotational_value": "", "start_coord": "", "end_coord": "", "drill_name": "CARs", "rails": null, "reps_array": [1, 0, 0, 0, 0, 0], "multijoint": 0, "duration": 33, "passive_duration": "", "rpe": 7, "external_load": "", "comments": null, "side": "R", "ref_joint_name": "scapular-thoracic", "ref_joint_type": "sesamoid", "ref_joint_id": 4}, "results": {"rails": null, "passive_duration": "", "duration": 33, "rpe": 7, "external_load": "", "reps_array": [1, 0, 0, 0, 0, 0]}}, "date_done": "2023-03-29T22:39:50.196Z", "workout_id": 8, "mover_id": 1}{"63": {"Rx": {"id": 63, "ref_zones_id_a": "", "ref_zones_id_b": "", "fixed_side_anchor_id": "", "rotational_value": "", "start_coord": "", "end_coord": "", "drill_name": "CARs", "rails": null, "reps_array": [1, 0, 0, 0, 0, 0], "multijoint": 0, "duration": 33, "passive_duration": "", "rpe": 7, "external_load": "", "comments": null, "side": "R", "ref_joint_name": "scapular-thoracic", "ref_joint_type": "sesamoid", "ref_joint_id": 4}, "results": {"rails": null, "passive_duration": "", "duration": 33, "rpe": 7, "external_load": "", "reps_array": [1, 0, 0, 0, 0, 0]}}, "date_done": "2023-03-29T22:39:50.196Z", "workout_id": 8, "mover_id": 1}{"63": {"Rx": {"id": 63, "ref_zones_id_a": "", "ref_zones_id_b": "", "fixed_side_anchor_id": "", "rotational_value": "", "start_coord": "", "end_coord": "", "drill_name": "CARs", "rails": null, "reps_array": [1, 0, 0, 0, 0, 0], "multijoint": 0, "duration": 33, "passive_duration": "", "rpe": 7, "external_load": "", "comments": null, "side": "R", "ref_joint_name": "scapular-thoracic", "ref_joint_type": "sesamoid", "ref_joint_id": 4}, "results": {"rails": null, "passive_duration": "", "duration": 33, "rpe": 7, "external_load": "", "reps_array": [1, 0, 0, 0, 0, 0]}}, "date_done": "2023-03-29T22:39:50.196Z", "workout_id": 8, "mover_id": 1}{"63": {"Rx": {"id": 63, "ref_zones_id_a": "", "ref_zones_id_b": "", "fixed_side_anchor_id": "", "rotational_value": "", "start_coord": "", "end_coord": "", "drill_name": "CARs", "rails": null, "reps_array": [1, 0, 0, 0, 0, 0], "multijoint": 0, "duration": 33, "passive_duration": "", "rpe": 7, "external_load": "", "comments": null, "side": "R", "ref_joint_name": "scapular-thoracic", "ref_joint_type": "sesamoid", "ref_joint_id": 4}, "results": {"rails": null, "passive_duration": "", "duration": 33, "rpe": 7, "external_load": "", "reps_array": [1, 0, 0, 0, 0, 0]}}, "date_done": "2023-03-29T22:39:50.196Z", "workout_id": 8, "mover_id": 1}{"63": {"Rx": {"id": 63, "ref_zones_id_a": "", "ref_zones_id_b": "", "fixed_side_anchor_id": "", "rotational_value": "", "start_coord": "", "end_coord": "", "drill_name": "CARs", "rails": null, "reps_array": [1, 0, 0, 0, 0, 0], "multijoint": 0, "duration": 33, "passive_duration": "", "rpe": 7, "external_load": "", "comments": null, "side": "R", "ref_joint_name": "scapular-thoracic", "ref_joint_type": "sesamoid", "ref_joint_id": 4}, "results": {"rails": null, "passive_duration": "", "duration": 33, "rpe": 7, "external_load": "", "reps_array": [1, 0, 0, 0, 0, 0]}}, "date_done": "2023-03-29T22:39:50.196Z", "workout_id": 8, "mover_id": 1}{"63": {"Rx": {"id": 63, "ref_zones_id_a": "", "ref_zones_id_b": "", "fixed_side_anchor_id": "", "rotational_value": "", "start_coord": "", "end_coord": "", "drill_name": "CARs", "rails": null, "reps_array": [1, 0, 0, 0, 0, 0], "multijoint": 0, "duration": 33, "passive_duration": "", "rpe": 7, "external_load": "", "comments": null, "side": "R", "ref_joint_name": "scapular-thoracic", "ref_joint_type": "sesamoid", "ref_joint_id": 4}, "results": {"rails": null, "passive_duration": "", "duration": 33, "rpe": 7, "external_load": "", "reps_array": [1, 0, 0, 0, 0, 0]}}, "date_done": "2023-03-29T22:39:50.196Z", "workout_id": 8, "mover_id": 1}{"63": {"Rx": {"id": 63, "ref_zones_id_a": "", "ref_zones_id_b": "", "fixed_side_anchor_id": "", "rotational_value": "", "start_coord": "", "end_coord": "", "drill_name": "CARs", "rails": null, "reps_array": [1, 0, 0, 0, 0, 0], "multijoint": 0, "duration": 33, "passive_duration": "", "rpe": 7, "external_load": "", "comments": null, "side": "R", "ref_joint_name": "scapular-thoracic", "ref_joint_type": "sesamoid", "ref_joint_id": 4}, "results": {"rails": null, "passive_duration": "", "duration": 33, "rpe": 7, "external_load": "", "reps_array": [1, 0, 0, 0, 0, 0]}}, "date_done": "2023-03-29T22:39:50.196Z", "workout_id": 8, "mover_id": 1}{"63": {"Rx": {"id": 63, "ref_zones_id_a": "", "ref_zones_id_b": "", "fixed_side_anchor_id": "", "rotational_value": "", "start_coord": "", "end_coord": "", "drill_name": "CARs", "rails": null, "reps_array": [1, 0, 0, 0, 0, 0], "multijoint": 0, "duration": 33, "passive_duration": "", "rpe": 7, "external_load": "", "comments": null, "side": "R", "ref_joint_name": "scapular-thoracic", "ref_joint_type": "sesamoid", "ref_joint_id": 4}, "results": {"rails": null, "passive_duration": "", "duration": 33, "rpe": 7, "external_load": "", "reps_array": [1, 0, 0, 0, 0, 0]}}, "date_done": "2023-03-29T22:39:50.196Z", "workout_id": 8, "mover_id": 1}{"63": {"Rx": {"id": 63, "ref_zones_id_a": "", "ref_zones_id_b": "", "fixed_side_anchor_id": "", "rotational_value": "", "start_coord": "", "end_coord": "", "drill_name": "CARs", "rails": null, "reps_array": [1, 0, 0, 0, 0, 0], "multijoint": 0, "duration": 33, "passive_duration": "", "rpe": 7, "external_load": "", "comments": null, "side": "R", "ref_joint_name": "scapular-thoracic", "ref_joint_type": "sesamoid", "ref_joint_id": 4}, "results": {"rails": null, "passive_duration": "", "duration": 33, "rpe": 7, "external_load": "", "reps_array": [1, 0, 0, 0, 0, 0]}}, "date_done": "2023-03-29T22:39:50.196Z", "workout_id": 8, "mover_id": 1}{"63": {"Rx": {"id": 63, "ref_zones_id_a": "", "ref_zones_id_b": "", "fixed_side_anchor_id": "", "rotational_value": "", "start_coord": "", "end_coord": "", "drill_name": "CARs", "rails": null, "reps_array": [1, 0, 0, 0, 0, 0], "multijoint": 0, "duration": 33, "passive_duration": "", "rpe": 7, "external_load": "", "comments": null, "side": "R", "ref_joint_name": "scapular-thoracic", "ref_joint_type": "sesamoid", "ref_joint_id": 4}, "results": {"rails": null, "passive_duration": "", "duration": 33, "rpe": 7, "external_load": "", "reps_array": [1, 0, 0, 0, 0, 0]}}, "date_done": "2023-03-29T22:39:50.196Z", "workout_id": 8, "mover_id": 1}{"63": {"Rx": {"id": 63, "ref_zones_id_a": "", "ref_zones_id_b": "", "fixed_side_anchor_id": "", "rotational_value": "", "start_coord": "", "end_coord": "", "drill_name": "CARs", "rails": null, "reps_array": [1, 0, 0, 0, 0, 0], "multijoint": 0, "duration": 33, "passive_duration": "", "rpe": 7, "external_load": "", "comments": null, "side": "R", "ref_joint_name": "scapular-thoracic", "ref_joint_type": "sesamoid", "ref_joint_id": 4}, "results": {"rails": null, "passive_duration": "", "duration": 33, "rpe": 7, "external_load": "", "reps_array": [1, 0, 0, 0, 0, 0]}}, "date_done": "2023-03-29T22:39:50.196Z", "workout_id": 8, "mover_id": 1}{"64": {"Rx": {"id": 64, "ref_zones_id_a": 29, "ref_zones_id_b": "", "fixed_side_anchor_id": 57, "rotational_value": "", "start_coord": "", "end_coord": "", "drill_name": "IC1", "rails": true, "reps_array": [2, 0, 0, 0, 0, 0], "multijoint": 0, "duration": 77, "passive_duration": 64, "rpe": 6, "external_load": "", "comments": null, "side": "L", "ref_joint_name": "GH", "ref_joint_type": "synovial", "ref_joint_id": 7}, "results": {"rails": true, "passive_duration": 64, "duration": 77, "rpe": 6, "external_load": "", "reps_array": [2, 0, 0, 0, 0, 0]}}, "date_done": "2023-03-29T22:39:50.196Z", "workout_id": 8, "mover_id": 1}{"65": {"Rx": {"id": 65, "ref_zones_id_a": 41, "ref_zones_id_b": "", "fixed_side_anchor_id": 81, "rotational_value": 90, "start_coord": 0, "end_coord": 15, "drill_name": "IC2", "rails": null, "reps_array": [1, 0, 0, 0, 0, 0], "multijoint": 0, "duration": 68, "passive_duration": 0, "rpe": 9, "external_load": "", "comments": null, "side": "R", "ref_joint_name": "elbow", "ref_joint_type": "synovial", "ref_joint_id": 8}, "results": {"rails": null, "passive_duration": 0, "duration": 68, "rpe": 9, "external_load": "", "reps_array": [1, 0, 0, 0, 0, 0]}}, "date_done": "2023-03-29T22:39:50.196Z", "workout_id": 8, "mover_id": 1}{"66": {"Rx": {"id": 66, "ref_zones_id_a": 63, "ref_zones_id_b": "", "fixed_side_anchor_id": 125, "rotational_value": "", "start_coord": 50, "end_coord": 100, "drill_name": "IC3", "rails": null, "reps_array": [2, 0, 0, 0, 0, 0], "multijoint": 0, "duration": 77, "passive_duration": "", "rpe": 5, "external_load": "", "comments": null, "side": "L", "ref_joint_name": "wrist", "ref_joint_type": "synovial", "ref_joint_id": 11}, "results": {"rails": null, "passive_duration": "", "duration": 77, "rpe": 5, "external_load": "", "reps_array": [2, 0, 0, 0, 0, 0]}}, "date_done": "2023-03-29T22:39:50.196Z", "workout_id": 8, "mover_id": 1}{"67": {"Rx": {"id": 67, "ref_zones_id_a": 115, "ref_zones_id_b": "", "fixed_side_anchor_id": 229, "rotational_value": "", "start_coord": 0, "end_coord": 5, "drill_name": "Muscular Scan", "rails": null, "reps_array": [1, 0, 0, 0, 0, 0], "multijoint": 0, "duration": 30, "passive_duration": "", "rpe": 9, "external_load": 15, "comments": null, "side": "L", "ref_joint_name": "ankle", "ref_joint_type": "synovial", "ref_joint_id": 17}, "results": {"rails": null, "passive_duration": "", "duration": 30, "rpe": 9, "external_load": 15, "reps_array": [1, 0, 0, 0, 0, 0]}}, "date_done": "2023-03-29T22:39:50.196Z", "workout_id": 8, "mover_id": 1}{"68": {"Rx": {"id": 68, "ref_zones_id_a": 121, "ref_zones_id_b": "", "fixed_side_anchor_id": 241, "rotational_value": "", "start_coord": "", "end_coord": "", "drill_name": "PRH", "rails": null, "reps_array": [3, 0, 0, 0, 0, 0], "multijoint": 0, "duration": 60, "passive_duration": "", "rpe": 7, "external_load": "", "comments": null, "side": "R", "ref_joint_name": "toes", "ref_joint_type": "synovial", "ref_joint_id": 18}, "results": {"rails": null, "passive_duration": "", "duration": 60, "rpe": 7, "external_load": "", "reps_array": [3, 0, 0, 0, 0, 0]}}, "date_done": "2023-03-29T22:39:50.196Z", "workout_id": 8, "mover_id": 1}{"69": {"Rx": {"id": 69, "ref_zones_id_a": 5, "ref_zones_id_b": "", "fixed_side_anchor_id": 9, "rotational_value": "", "start_coord": "", "end_coord": "", "drill_name": "capsule CAR", "rails": null, "reps_array": [3, 0, 0, 0, 0, 0], "multijoint": 0, "duration": 30, "passive_duration": "", "rpe": 6, "external_load": "", "comments": null, "side": "mid", "ref_joint_name": "TC", "ref_joint_type": "spinal", "ref_joint_id": 2}, "results": {"rails": null, "passive_duration": "", "duration": 30, "rpe": 6, "external_load": "", "reps_array": [3, 0, 0, 0, 0, 0]}}, "date_done": "2023-03-29T22:39:50.196Z", "workout_id": 8, "mover_id": 1}{"70": {"Rx": {"id": 70, "ref_zones_id_a": null, "ref_zones_id_b": null, "fixed_side_anchor_id": null, "rotational_value": null, "start_coord": null, "end_coord": null, "drill_name": "push-up", "rails": null, "reps_array": [2, 5, 1, 3, 1, 3], "multijoint": 1, "duration": 40, "passive_duration": null, "rpe": 9, "external_load": 10, "comments": null, "side": null, "ref_joint_name": null, "ref_joint_type": null, "ref_joint_id": null}, "results": {"rails": null, "passive_duration": null, "duration": 40, "rpe": 9, "external_load": 10, "reps_array": [2, 5, 1, 3, 1, 3]}}, "date_done": "2023-03-29T22:39:50.196Z", "workout_id": 8, "mover_id": 1}{"71": {"Rx": {"id": 71, "ref_zones_id_a": null, "ref_zones_id_b": null, "fixed_side_anchor_id": null, "rotational_value": null, "start_coord": null, "end_coord": null, "drill_name": "plank", "rails": null, "reps_array": [3, 0, 0, 0, 0, 0], "multijoint": 1, "duration": 20, "passive_duration": null, "rpe": 9, "external_load": 40, "comments": null, "side": null, "ref_joint_name": null, "ref_joint_type": null, "ref_joint_id": null}, "results": {"rails": null, "passive_duration": null, "duration": 20, "rpe": 9, "external_load": 40, "reps_array": [3, 0, 0, 0, 0, 0]}}, "date_done": "2023-03-29T22:39:50.196Z", "workout_id": 8, "mover_id": 1}{"73": {"Rx": {"id": 73, "ref_zones_id_a": 1, "ref_zones_id_b": "", "fixed_side_anchor_id": 1481, "rotational_value": "", "start_coord": 0, "end_coord": 65, "drill_name": "Muscular Scan", "rails": null, "reps_array": [1, 0, 0, 0, 0, 0], "multijoint": 0, "duration": 120, "passive_duration": "", "rpe": 3, "external_load": "", "comments": null, "side": "mid", "ref_joint_name": "AO", "ref_joint_type": "spinal", "ref_joint_id": 1}, "results": {"rails": null, "passive_duration": "", "duration": 120, "rpe": 3, "external_load": "", "reps_array": [1, 0, 0, 0, 0, 0]}}, "date_done": "2023-03-30T00:16:38.780Z", "workout_id": 10, "mover_id": "6"}{"63": {"Rx": {"id": 63, "ref_zones_id_a": "", "ref_zones_id_b": "", "fixed_side_anchor_id": "", "rotational_value": "", "start_coord": "", "end_coord": "", "drill_name": "CARs", "rails": null, "reps_array": [1, 0, 0, 0, 0, 0], "multijoint": 0, "duration": 33, "passive_duration": "", "rpe": 7, "external_load": "", "comments": null, "side": "R", "ref_joint_name": "scapular-thoracic", "ref_joint_type": "sesamoid", "ref_joint_id": 4}, "results": {"rails": null, "passive_duration": "", "duration": 33, "rpe": 7, "external_load": "", "reps_array": [1, 0, 0, 0, 0, 0]}}, "date_done": "2023-03-31T21:52:48.158Z", "workout_id": 8, "mover_id": 1}{"64": {"Rx": {"id": 64, "ref_zones_id_a": 29, "ref_zones_id_b": "", "fixed_side_anchor_id": 57, "rotational_value": "", "start_coord": "", "end_coord": "", "drill_name": "IC1", "rails": true, "reps_array": [2, 0, 0, 0, 0, 0], "multijoint": 0, "duration": 77, "passive_duration": 64, "rpe": 6, "external_load": "", "comments": null, "side": "L", "ref_joint_name": "GH", "ref_joint_type": "synovial", "ref_joint_id": 7}, "results": {"rails": true, "passive_duration": 64, "duration": 77, "rpe": 6, "external_load": "", "reps_array": [2, 0, 0, 0, 0, 0]}}, "date_done": "2023-03-31T21:52:48.158Z", "workout_id": 8, "mover_id": 1}{"65": {"Rx": {"id": 65, "ref_zones_id_a": 41, "ref_zones_id_b": "", "fixed_side_anchor_id": 81, "rotational_value": 90, "start_coord": 0, "end_coord": 15, "drill_name": "IC2", "rails": null, "reps_array": [1, 0, 0, 0, 0, 0], "multijoint": 0, "duration": 68, "passive_duration": 0, "rpe": 9, "external_load": "", "comments": null, "side": "R", "ref_joint_name": "elbow", "ref_joint_type": "synovial", "ref_joint_id": 8}, "results": {"rails": null, "passive_duration": 0, "duration": 68, "rpe": 9, "external_load": "", "reps_array": [1, 0, 0, 0, 0, 0]}}, "date_done": "2023-03-31T21:52:48.158Z", "workout_id": 8, "mover_id": 1}{"63": {"Rx": {"id": 63, "ref_zones_id_a": "", "ref_zones_id_b": "", "fixed_side_anchor_id": "", "rotational_value": "", "start_coord": "", "end_coord": "", "drill_name": "CARs", "rails": null, "reps_array": [1, 0, 0, 0, 0, 0], "multijoint": 0, "duration": 33, "passive_duration": "", "rpe": 7, "external_load": "", "comments": null, "side": "R", "ref_joint_name": "scapular-thoracic", "ref_joint_type": "sesamoid", "ref_joint_id": 4}, "results": {"rails": null, "passive_duration": "", "duration": 33, "rpe": 7, "external_load": "", "reps_array": [1, 0, 0, 0, 0, 0]}}, "date_done": "2023-03-31T22:01:11.428Z", "workout_id": 8, "mover_id": 1}{"63": {"Rx": {"id": 63, "ref_zones_id_a": "", "ref_zones_id_b": "", "fixed_side_anchor_id": "", "rotational_value": "", "start_coord": "", "end_coord": "", "drill_name": "CARs", "rails": null, "reps_array": [1, 0, 0, 0, 0, 0], "multijoint": 0, "duration": 33, "passive_duration": "", "rpe": 7, "external_load": "", "comments": null, "side": "R", "ref_joint_name": "scapular-thoracic", "ref_joint_type": "sesamoid", "ref_joint_id": 4}, "results": {"rails": null, "passive_duration": "", "duration": 33, "rpe": 7, "external_load": "", "reps_array": [1, 0, 0, 0, 0, 0]}}, "date_done": "2023-03-31T22:04:36.320Z", "workout_id": 8, "mover_id": 1}{"63": {"Rx": {"id": 63, "ref_zones_id_a": "", "ref_zones_id_b": "", "fixed_side_anchor_id": "", "rotational_value": "", "start_coord": "", "end_coord": "", "drill_name": "CARs", "rails": null, "reps_array": [1, 0, 0, 0, 0, 0], "multijoint": 0, "duration": 33, "passive_duration": "", "rpe": 7, "external_load": "", "comments": null, "side": "R", "ref_joint_name": "scapular-thoracic", "ref_joint_type": "sesamoid", "ref_joint_id": 4}, "results": {"rails": null, "passive_duration": "", "duration": 33, "rpe": 7, "external_load": "", "reps_array": [1, 0, 0, 0, 0, 0]}}, "date_done": "2023-03-31T22:04:36.320Z", "workout_id": 8, "mover_id": 1}{"63": {"Rx": {"id": 63, "ref_zones_id_a": "", "ref_zones_id_b": "", "fixed_side_anchor_id": "", "rotational_value": "", "start_coord": "", "end_coord": "", "drill_name": "CARs", "rails": null, "reps_array": [1, 0, 0, 0, 0, 0], "multijoint": 0, "duration": 33, "passive_duration": "", "rpe": 7, "external_load": "", "comments": null, "side": "R", "ref_joint_name": "scapular-thoracic", "ref_joint_type": "sesamoid", "ref_joint_id": 4}, "results": {"rails": null, "passive_duration": "", "duration": 33, "rpe": 7, "external_load": "", "reps_array": [1, 0, 0, 0, 0, 0]}}, "date_done": "2023-03-31T22:04:36.320Z", "workout_id": 8, "mover_id": 1}{"63": {"Rx": {"id": 63, "ref_zones_id_a": "", "ref_zones_id_b": "", "fixed_side_anchor_id": "", "rotational_value": "", "start_coord": "", "end_coord": "", "drill_name": "CARs", "rails": null, "reps_array": [1, 0, 0, 0, 0, 0], "multijoint": 0, "duration": 33, "passive_duration": "", "rpe": 7, "external_load": "", "comments": null, "side": "R", "ref_joint_name": "scapular-thoracic", "ref_joint_type": "sesamoid", "ref_joint_id": 4}, "results": {"rails": null, "passive_duration": "", "duration": 33, "rpe": 7, "external_load": "", "reps_array": [1, 0, 0, 0, 0, 0]}}, "date_done": "2023-03-31T22:04:36.320Z", "workout_id": 8, "mover_id": 1}{"63": {"Rx": {"id": 63, "ref_zones_id_a": "", "ref_zones_id_b": "", "fixed_side_anchor_id": "", "rotational_value": "", "start_coord": "", "end_coord": "", "drill_name": "CARs", "rails": null, "reps_array": [1, 0, 0, 0, 0, 0], "multijoint": 0, "duration": 33, "passive_duration": "", "rpe": 7, "external_load": "", "comments": null, "side": "R", "ref_joint_name": "scapular-thoracic", "ref_joint_type": "sesamoid", "ref_joint_id": 4}, "results": {"rails": null, "passive_duration": "", "duration": 33, "rpe": 7, "external_load": "", "reps_array": [1, 0, 0, 0, 0, 0]}}, "date_done": "2023-03-31T22:04:36.320Z", "workout_id": 8, "mover_id": 1}{"63": {"Rx": {"id": 63, "ref_zones_id_a": "", "ref_zones_id_b": "", "fixed_side_anchor_id": "", "rotational_value": "", "start_coord": "", "end_coord": "", "drill_name": "CARs", "rails": null, "reps_array": [1, 0, 0, 0, 0, 0], "multijoint": 0, "duration": 33, "passive_duration": "", "rpe": 7, "external_load": "", "comments": null, "side": "R", "ref_joint_name": "scapular-thoracic", "ref_joint_type": "sesamoid", "ref_joint_id": 4}, "results": {"rails": null, "passive_duration": "", "duration": 33, "rpe": 7, "external_load": "", "reps_array": [1, 0, 0, 0, 0, 0]}}, "date_done": "2023-03-31T22:04:36.320Z", "workout_id": 8, "mover_id": 1}{"63": {"Rx": {"id": 63, "ref_zones_id_a": "", "ref_zones_id_b": "", "fixed_side_anchor_id": "", "rotational_value": "", "start_coord": "", "end_coord": "", "drill_name": "CARs", "rails": null, "reps_array": [1, 0, 0, 0, 0, 0], "multijoint": 0, "duration": 33, "passive_duration": "", "rpe": 7, "external_load": "", "comments": null, "side": "R", "ref_joint_name": "scapular-thoracic", "ref_joint_type": "sesamoid", "ref_joint_id": 4}, "results": {"rails": null, "passive_duration": "", "duration": 33, "rpe": 7, "external_load": "", "reps_array": [1, 0, 0, 0, 0, 0]}}, "date_done": "2023-03-31T22:04:36.320Z", "workout_id": 8, "mover_id": 1}{"63": {"Rx": {"id": 63, "ref_zones_id_a": "", "ref_zones_id_b": "", "fixed_side_anchor_id": "", "rotational_value": "", "start_coord": "", "end_coord": "", "drill_name": "CARs", "rails": null, "reps_array": [1, 0, 0, 0, 0, 0], "multijoint": 0, "duration": 33, "passive_duration": "", "rpe": 7, "external_load": "", "comments": null, "side": "R", "ref_joint_name": "scapular-thoracic", "ref_joint_type": "sesamoid", "ref_joint_id": 4}, "results": {"rails": null, "passive_duration": "", "duration": 33, "rpe": 7, "external_load": "", "reps_array": [1, 0, 0, 0, 0, 0]}}, "date_done": "2023-03-31T22:04:36.320Z", "workout_id": 8, "mover_id": 1}{"64": {"Rx": {"id": 64, "ref_zones_id_a": 29, "ref_zones_id_b": "", "fixed_side_anchor_id": 57, "rotational_value": "", "start_coord": "", "end_coord": "", "drill_name": "IC1", "rails": true, "reps_array": [2, 0, 0, 0, 0, 0], "multijoint": 0, "duration": 77, "passive_duration": 64, "rpe": 6, "external_load": "", "comments": null, "side": "L", "ref_joint_name": "GH", "ref_joint_type": "synovial", "ref_joint_id": 7}, "results": {"rails": true, "passive_duration": 64, "duration": 77, "rpe": 6, "external_load": "", "reps_array": [2, 0, 0, 0, 0, 0]}}, "date_done": "2023-03-31T22:04:36.320Z", "workout_id": 8, "mover_id": 1}{"63": {"Rx": {"id": 63, "ref_zones_id_a": "", "ref_zones_id_b": "", "fixed_side_anchor_id": "", "rotational_value": "", "start_coord": "", "end_coord": "", "drill_name": "CARs", "rails": null, "reps_array": [1, 0, 0, 0, 0, 0], "multijoint": 0, "duration": 33, "passive_duration": "", "rpe": 7, "external_load": "", "comments": null, "side": "R", "ref_joint_name": "scapular-thoracic", "ref_joint_type": "sesamoid", "ref_joint_id": 4}, "results": {"rails": null, "passive_duration": "", "duration": 33, "rpe": 7, "external_load": "", "reps_array": [1, 0, 0, 0, 0, 0]}}, "date_done": "2023-03-31T22:04:36.320Z", "workout_id": 8, "mover_id": 1}{"64": {"Rx": {"id": 64, "ref_zones_id_a": 29, "ref_zones_id_b": "", "fixed_side_anchor_id": 57, "rotational_value": "", "start_coord": "", "end_coord": "", "drill_name": "IC1", "rails": true, "reps_array": [2, 0, 0, 0, 0, 0], "multijoint": 0, "duration": 77, "passive_duration": 64, "rpe": 6, "external_load": "", "comments": null, "side": "L", "ref_joint_name": "GH", "ref_joint_type": "synovial", "ref_joint_id": 7}, "results": {"rails": true, "passive_duration": 64, "duration": 77, "rpe": 6, "external_load": "", "reps_array": [2, 0, 0, 0, 0, 0]}}, "date_done": "2023-03-31T22:04:36.320Z", "workout_id": 8, "mover_id": 1}{"65": {"Rx": {"id": 65, "ref_zones_id_a": 41, "ref_zones_id_b": "", "fixed_side_anchor_id": 81, "rotational_value": 90, "start_coord": 0, "end_coord": 15, "drill_name": "IC2", "rails": null, "reps_array": [1, 0, 0, 0, 0, 0], "multijoint": 0, "duration": 68, "passive_duration": 0, "rpe": 9, "external_load": "", "comments": null, "side": "R", "ref_joint_name": "elbow", "ref_joint_type": "synovial", "ref_joint_id": 8}, "results": {"rails": null, "passive_duration": 0, "duration": 68, "rpe": 9, "external_load": "", "reps_array": [1, 0, 0, 0, 0, 0]}}, "date_done": "2023-03-31T22:04:36.320Z", "workout_id": 8, "mover_id": 1}{"66": {"Rx": {"id": 66, "ref_zones_id_a": 63, "ref_zones_id_b": "", "fixed_side_anchor_id": 125, "rotational_value": "", "start_coord": 50, "end_coord": 100, "drill_name": "IC3", "rails": null, "reps_array": [2, 0, 0, 0, 0, 0], "multijoint": 0, "duration": 77, "passive_duration": "", "rpe": 5, "external_load": "", "comments": null, "side": "L", "ref_joint_name": "wrist", "ref_joint_type": "synovial", "ref_joint_id": 11}, "results": {"rails": null, "passive_duration": "", "duration": 77, "rpe": 5, "external_load": "", "reps_array": [2, 0, 0, 0, 0, 0]}}, "date_done": "2023-03-31T22:04:36.320Z", "workout_id": 8, "mover_id": 1}{"67": {"Rx": {"id": 67, "ref_zones_id_a": 115, "ref_zones_id_b": "", "fixed_side_anchor_id": 229, "rotational_value": "", "start_coord": 0, "end_coord": 5, "drill_name": "Muscular Scan", "rails": null, "reps_array": [1, 0, 0, 0, 0, 0], "multijoint": 0, "duration": 30, "passive_duration": "", "rpe": 9, "external_load": 15, "comments": null, "side": "L", "ref_joint_name": "ankle", "ref_joint_type": "synovial", "ref_joint_id": 17}, "results": {"rails": null, "passive_duration": "", "duration": 30, "rpe": 9, "external_load": 15, "reps_array": [1, 0, 0, 0, 0, 0]}}, "date_done": "2023-03-31T22:04:36.320Z", "workout_id": 8, "mover_id": 1}{"68": {"Rx": {"id": 68, "ref_zones_id_a": 121, "ref_zones_id_b": "", "fixed_side_anchor_id": 241, "rotational_value": "", "start_coord": "", "end_coord": "", "drill_name": "PRH", "rails": null, "reps_array": [3, 0, 0, 0, 0, 0], "multijoint": 0, "duration": 60, "passive_duration": "", "rpe": 7, "external_load": "", "comments": null, "side": "R", "ref_joint_name": "toes", "ref_joint_type": "synovial", "ref_joint_id": 18}, "results": {"rails": null, "passive_duration": "", "duration": 60, "rpe": 7, "external_load": "", "reps_array": [3, 0, 0, 0, 0, 0]}}, "date_done": "2023-03-31T22:04:36.320Z", "workout_id": 8, "mover_id": 1}{"69": {"Rx": {"id": 69, "ref_zones_id_a": 5, "ref_zones_id_b": "", "fixed_side_anchor_id": 9, "rotational_value": "", "start_coord": "", "end_coord": "", "drill_name": "capsule CAR", "rails": null, "reps_array": [3, 0, 0, 0, 0, 0], "multijoint": 0, "duration": 30, "passive_duration": "", "rpe": 6, "external_load": "", "comments": null, "side": "mid", "ref_joint_name": "TC", "ref_joint_type": "spinal", "ref_joint_id": 2}, "results": {"rails": null, "passive_duration": "", "duration": 30, "rpe": 6, "external_load": "", "reps_array": [3, 0, 0, 0, 0, 0]}}, "date_done": "2023-03-31T22:04:36.320Z", "workout_id": 8, "mover_id": 1}{"70": {"Rx": {"id": 70, "ref_zones_id_a": null, "ref_zones_id_b": null, "fixed_side_anchor_id": null, "rotational_value": null, "start_coord": null, "end_coord": null, "drill_name": "push-up", "rails": null, "reps_array": [2, 5, 1, 3, 1, 3], "multijoint": 1, "duration": 40, "passive_duration": null, "rpe": 9, "external_load": 10, "comments": null, "side": null, "ref_joint_name": null, "ref_joint_type": null, "ref_joint_id": null}, "results": {"rails": null, "passive_duration": null, "duration": 40, "rpe": 9, "external_load": 10, "reps_array": [2, 5, 1, 3, 1, 3]}}, "date_done": "2023-03-31T22:04:36.320Z", "workout_id": 8, "mover_id": 1}{"71": {"Rx": {"id": 71, "ref_zones_id_a": null, "ref_zones_id_b": null, "fixed_side_anchor_id": null, "rotational_value": null, "start_coord": null, "end_coord": null, "drill_name": "plank", "rails": null, "reps_array": [3, 0, 0, 0, 0, 0], "multijoint": 1, "duration": 20, "passive_duration": null, "rpe": 9, "external_load": 40, "comments": null, "side": null, "ref_joint_name": null, "ref_joint_type": null, "ref_joint_id": null}, "results": {"rails": null, "passive_duration": null, "duration": 20, "rpe": 9, "external_load": 40, "reps_array": [3, 0, 0, 0, 0, 0]}}, "date_done": "2023-03-31T22:04:36.320Z", "workout_id": 8, "mover_id": 1}{"63": {"Rx": {"id": 63, "ref_zones_id_a": "", "ref_zones_id_b": "", "fixed_side_anchor_id": "", "rotational_value": "", "start_coord": "", "end_coord": "", "drill_name": "CARs", "rails": null, "reps_array": [1, 0, 0, 0, 0, 0], "multijoint": 0, "duration": 33, "passive_duration": "", "rpe": 7, "external_load": "", "comments": null, "side": "R", "ref_joint_name": "scapular-thoracic", "ref_joint_type": "sesamoid", "ref_joint_id": 4}, "results": {"rails": null, "passive_duration": "", "duration": 33, "rpe": 7, "external_load": "", "reps_array": [1, 0, 0, 0, 0, 0]}}, "date_done": "2023-03-31T22:21:33.124Z", "workout_id": 8, "mover_id": "1"}{"64": {"Rx": {"id": 64, "ref_zones_id_a": 29, "ref_zones_id_b": "", "fixed_side_anchor_id": 57, "rotational_value": "", "start_coord": "", "end_coord": "", "drill_name": "IC1", "rails": true, "reps_array": [2, 0, 0, 0, 0, 0], "multijoint": 0, "duration": 77, "passive_duration": 64, "rpe": 6, "external_load": "", "comments": null, "side": "L", "ref_joint_name": "GH", "ref_joint_type": "synovial", "ref_joint_id": 7}, "results": {"rails": true, "passive_duration": 64, "duration": 77, "rpe": 6, "external_load": "", "reps_array": [2, 0, 0, 0, 0, 0]}}, "date_done": "2023-03-31T22:21:33.124Z", "workout_id": 8, "mover_id": "1"}{"65": {"Rx": {"id": 65, "ref_zones_id_a": 41, "ref_zones_id_b": "", "fixed_side_anchor_id": 81, "rotational_value": 90, "start_coord": 0, "end_coord": 15, "drill_name": "IC2", "rails": null, "reps_array": [1, 0, 0, 0, 0, 0], "multijoint": 0, "duration": 68, "passive_duration": 0, "rpe": 9, "external_load": "", "comments": null, "side": "R", "ref_joint_name": "elbow", "ref_joint_type": "synovial", "ref_joint_id": 8}, "results": {"rails": null, "passive_duration": 0, "duration": 68, "rpe": 9, "external_load": "", "reps_array": [1, 0, 0, 0, 0, 0]}}, "date_done": "2023-03-31T22:21:33.124Z", "workout_id": 8, "mover_id": "1"}{"66": {"Rx": {"id": 66, "ref_zones_id_a": 63, "ref_zones_id_b": "", "fixed_side_anchor_id": 125, "rotational_value": "", "start_coord": 50, "end_coord": 100, "drill_name": "IC3", "rails": null, "reps_array": [2, 0, 0, 0, 0, 0], "multijoint": 0, "duration": 77, "passive_duration": "", "rpe": 5, "external_load": "", "comments": null, "side": "L", "ref_joint_name": "wrist", "ref_joint_type": "synovial", "ref_joint_id": 11}, "results": {"rails": null, "passive_duration": "", "duration": 77, "rpe": 5, "external_load": "", "reps_array": [2, 0, 0, 0, 0, 0]}}, "date_done": "2023-03-31T22:21:33.124Z", "workout_id": 8, "mover_id": "1"}{"67": {"Rx": {"id": 67, "ref_zones_id_a": 115, "ref_zones_id_b": "", "fixed_side_anchor_id": 229, "rotational_value": "", "start_coord": 0, "end_coord": 5, "drill_name": "Muscular Scan", "rails": null, "reps_array": [1, 0, 0, 0, 0, 0], "multijoint": 0, "duration": 30, "passive_duration": "", "rpe": 9, "external_load": 15, "comments": null, "side": "L", "ref_joint_name": "ankle", "ref_joint_type": "synovial", "ref_joint_id": 17}, "results": {"rails": null, "passive_duration": "", "duration": 30, "rpe": 9, "external_load": 15, "reps_array": [1, 0, 0, 0, 0, 0]}}, "date_done": "2023-03-31T22:21:33.124Z", "workout_id": 8, "mover_id": "1"}{"68": {"Rx": {"id": 68, "ref_zones_id_a": 121, "ref_zones_id_b": "", "fixed_side_anchor_id": 241, "rotational_value": "", "start_coord": "", "end_coord": "", "drill_name": "PRH", "rails": null, "reps_array": [3, 0, 0, 0, 0, 0], "multijoint": 0, "duration": 60, "passive_duration": "", "rpe": 7, "external_load": "", "comments": null, "side": "R", "ref_joint_name": "toes", "ref_joint_type": "synovial", "ref_joint_id": 18}, "results": {"rails": null, "passive_duration": "", "duration": 60, "rpe": 7, "external_load": "", "reps_array": [3, 0, 0, 0, 0, 0]}}, "date_done": "2023-03-31T22:21:33.124Z", "workout_id": 8, "mover_id": "1"}{"69": {"Rx": {"id": 69, "ref_zones_id_a": 5, "ref_zones_id_b": "", "fixed_side_anchor_id": 9, "rotational_value": "", "start_coord": "", "end_coord": "", "drill_name": "capsule CAR", "rails": null, "reps_array": [3, 0, 0, 0, 0, 0], "multijoint": 0, "duration": 30, "passive_duration": "", "rpe": 6, "external_load": "", "comments": null, "side": "mid", "ref_joint_name": "TC", "ref_joint_type": "spinal", "ref_joint_id": 2}, "results": {"rails": null, "passive_duration": "", "duration": 30, "rpe": 6, "external_load": "", "reps_array": [3, 0, 0, 0, 0, 0]}}, "date_done": "2023-03-31T22:21:33.124Z", "workout_id": 8, "mover_id": "1"}{"70": {"Rx": {"id": 70, "ref_zones_id_a": null, "ref_zones_id_b": null, "fixed_side_anchor_id": null, "rotational_value": null, "start_coord": null, "end_coord": null, "drill_name": "push-up", "rails": null, "reps_array": [2, 5, 1, 3, 1, 3], "multijoint": 1, "duration": 40, "passive_duration": null, "rpe": 9, "external_load": 10, "comments": null, "side": null, "ref_joint_name": null, "ref_joint_type": null, "ref_joint_id": null}, "results": {"rails": null, "passive_duration": null, "duration": 40, "rpe": 9, "external_load": 10, "reps_array": [2, 5, 1, 3, 1, 3]}}, "date_done": "2023-03-31T22:21:33.124Z", "workout_id": 8, "mover_id": "1"}{"71": {"Rx": {"id": 71, "ref_zones_id_a": null, "ref_zones_id_b": null, "fixed_side_anchor_id": null, "rotational_value": null, "start_coord": null, "end_coord": null, "drill_name": "plank", "rails": null, "reps_array": [3, 0, 0, 0, 0, 0], "multijoint": 1, "duration": 20, "passive_duration": null, "rpe": 9, "external_load": 40, "comments": null, "side": null, "ref_joint_name": null, "ref_joint_type": null, "ref_joint_id": null}, "results": {"rails": null, "passive_duration": null, "duration": 20, "rpe": 9, "external_load": 40, "reps_array": [3, 0, 0, 0, 0, 0]}}, "date_done": "2023-03-31T22:21:33.124Z", "workout_id": 8, "mover_id": "1"}{"63": {"Rx": {"id": 63, "ref_zones_id_a": "", "ref_zones_id_b": "", "fixed_side_anchor_id": "", "rotational_value": "", "start_coord": "", "end_coord": "", "drill_name": "CARs", "rails": null, "reps_array": [1, 0, 0, 0, 0, 0], "multijoint": 0, "duration": 33, "passive_duration": "", "rpe": 7, "external_load": "", "comments": null, "side": "R", "ref_joint_name": "scapular-thoracic", "ref_joint_type": "sesamoid", "ref_joint_id": 4}, "results": {"rails": null, "passive_duration": "", "duration": 33, "rpe": 7, "external_load": "", "reps_array": [1, 0, 0, 0, 0, 0]}}, "date_done": "2023-03-31T22:38:14.086Z", "workout_id": 8, "mover_id": 1}{"64": {"Rx": {"id": 64, "ref_zones_id_a": 29, "ref_zones_id_b": "", "fixed_side_anchor_id": 57, "rotational_value": "", "start_coord": "", "end_coord": "", "drill_name": "IC1", "rails": true, "reps_array": [2, 0, 0, 0, 0, 0], "multijoint": 0, "duration": 77, "passive_duration": 64, "rpe": 6, "external_load": "", "comments": null, "side": "L", "ref_joint_name": "GH", "ref_joint_type": "synovial", "ref_joint_id": 7}, "results": {"rails": true, "passive_duration": 64, "duration": 77, "rpe": 6, "external_load": "", "reps_array": [2, 0, 0, 0, 0, 0]}}, "date_done": "2023-03-31T22:38:36.986Z", "workout_id": 8, "mover_id": 1}{"65": {"Rx": {"id": 65, "ref_zones_id_a": 41, "ref_zones_id_b": "", "fixed_side_anchor_id": 81, "rotational_value": 90, "start_coord": 0, "end_coord": 15, "drill_name": "IC2", "rails": null, "reps_array": [1, 0, 0, 0, 0, 0], "multijoint": 0, "duration": 68, "passive_duration": 0, "rpe": 9, "external_load": "", "comments": null, "side": "R", "ref_joint_name": "elbow", "ref_joint_type": "synovial", "ref_joint_id": 8}, "results": {"rails": null, "passive_duration": 0, "duration": 68, "rpe": 9, "external_load": "", "reps_array": [1, 0, 0, 0, 0, 0]}}, "date_done": "2023-03-31T22:38:52.835Z", "workout_id": 8, "mover_id": 1}{"66": {"Rx": {"id": 66, "ref_zones_id_a": 63, "ref_zones_id_b": "", "fixed_side_anchor_id": 125, "rotational_value": "", "start_coord": 50, "end_coord": 100, "drill_name": "IC3", "rails": null, "reps_array": [2, 0, 0, 0, 0, 0], "multijoint": 0, "duration": 77, "passive_duration": "", "rpe": 5, "external_load": "", "comments": null, "side": "L", "ref_joint_name": "wrist", "ref_joint_type": "synovial", "ref_joint_id": 11}, "results": {"rails": null, "passive_duration": "", "duration": 77, "rpe": 5, "external_load": "", "reps_array": [2, 0, 0, 0, 0, 0]}}, "date_done": "2023-03-31T22:38:59.269Z", "workout_id": 8, "mover_id": 1}{"67": {"Rx": {"id": 67, "ref_zones_id_a": 115, "ref_zones_id_b": "", "fixed_side_anchor_id": 229, "rotational_value": "", "start_coord": 0, "end_coord": 5, "drill_name": "Muscular Scan", "rails": null, "reps_array": [1, 0, 0, 0, 0, 0], "multijoint": 0, "duration": 30, "passive_duration": "", "rpe": 9, "external_load": 15, "comments": null, "side": "L", "ref_joint_name": "ankle", "ref_joint_type": "synovial", "ref_joint_id": 17}, "results": {"rails": null, "passive_duration": "", "duration": 30, "rpe": 9, "external_load": 15, "reps_array": [1, 0, 0, 0, 0, 0]}}, "date_done": "2023-03-31T22:39:02.485Z", "workout_id": 8, "mover_id": 1}{"68": {"Rx": {"id": 68, "ref_zones_id_a": 121, "ref_zones_id_b": "", "fixed_side_anchor_id": 241, "rotational_value": "", "start_coord": "", "end_coord": "", "drill_name": "PRH", "rails": null, "reps_array": [3, 0, 0, 0, 0, 0], "multijoint": 0, "duration": 60, "passive_duration": "", "rpe": 7, "external_load": "", "comments": null, "side": "R", "ref_joint_name": "toes", "ref_joint_type": "synovial", "ref_joint_id": 18}, "results": {"rails": null, "passive_duration": "", "duration": 60, "rpe": 7, "external_load": "", "reps_array": [3, 0, 0, 0, 0, 0]}}, "date_done": "2023-03-31T22:39:06.135Z", "workout_id": 8, "mover_id": 1}{"69": {"Rx": {"id": 69, "ref_zones_id_a": 5, "ref_zones_id_b": "", "fixed_side_anchor_id": 9, "rotational_value": "", "start_coord": "", "end_coord": "", "drill_name": "capsule CAR", "rails": null, "reps_array": [3, 0, 0, 0, 0, 0], "multijoint": 0, "duration": 30, "passive_duration": "", "rpe": 6, "external_load": "", "comments": null, "side": "mid", "ref_joint_name": "TC", "ref_joint_type": "spinal", "ref_joint_id": 2}, "results": {"rails": null, "passive_duration": "", "duration": 30, "rpe": 6, "external_load": "", "reps_array": [3, 0, 0, 0, 0, 0]}}, "date_done": "2023-03-31T22:39:07.805Z", "workout_id": 8, "mover_id": 1}{"70": {"Rx": {"id": 70, "ref_zones_id_a": null, "ref_zones_id_b": null, "fixed_side_anchor_id": null, "rotational_value": null, "start_coord": null, "end_coord": null, "drill_name": "push-up", "rails": null, "reps_array": [2, 5, 1, 3, 1, 3], "multijoint": 1, "duration": 40, "passive_duration": null, "rpe": 9, "external_load": 10, "comments": null, "side": null, "ref_joint_name": null, "ref_joint_type": null, "ref_joint_id": null}, "results": {"rails": null, "passive_duration": null, "duration": 40, "rpe": 9, "external_load": 10, "reps_array": [2, 5, 1, 3, 1, 3]}}, "date_done": "2023-03-31T22:39:09.339Z", "workout_id": 8, "mover_id": 1}{"71": {"Rx": {"id": 71, "ref_zones_id_a": null, "ref_zones_id_b": null, "fixed_side_anchor_id": null, "rotational_value": null, "start_coord": null, "end_coord": null, "drill_name": "plank", "rails": null, "reps_array": [3, 0, 0, 0, 0, 0], "multijoint": 1, "duration": 20, "passive_duration": null, "rpe": 9, "external_load": 40, "comments": null, "side": null, "ref_joint_name": null, "ref_joint_type": null, "ref_joint_id": null}, "results": {"rails": null, "passive_duration": null, "duration": 20, "rpe": 9, "external_load": 40, "reps_array": [3, 0, 0, 0, 0, 0]}}, "date_done": "2023-03-31T22:39:14.776Z", "workout_id": 8, "mover_id": 1}{"63": {"Rx": {"id": 63, "ref_zones_id_a": "", "ref_zones_id_b": "", "fixed_side_anchor_id": "", "rotational_value": "", "start_coord": "", "end_coord": "", "drill_name": "CARs", "rails": null, "reps_array": [1, 0, 0, 0, 0, 0], "multijoint": 0, "duration": 33, "passive_duration": "", "rpe": 7, "external_load": "", "comments": null, "side": "R", "ref_joint_name": "scapular-thoracic", "ref_joint_type": "sesamoid", "ref_joint_id": 4}, "results": {"rails": null, "passive_duration": "", "duration": 33, "rpe": 7, "external_load": "", "reps_array": [1, 0, 0, 0, 0, 0]}}, "date_done": "2023-03-31T22:50:00.715Z", "workout_id": 8, "mover_id": 1}{"64": {"Rx": {"id": 64, "ref_zones_id_a": 29, "ref_zones_id_b": "", "fixed_side_anchor_id": 57, "rotational_value": "", "start_coord": "", "end_coord": "", "drill_name": "IC1", "rails": true, "reps_array": [2, 0, 0, 0, 0, 0], "multijoint": 0, "duration": 77, "passive_duration": 64, "rpe": 6, "external_load": "", "comments": null, "side": "L", "ref_joint_name": "GH", "ref_joint_type": "synovial", "ref_joint_id": 7}, "results": {"rails": true, "passive_duration": 64, "duration": 77, "rpe": 6, "external_load": "", "reps_array": [2, 0, 0, 0, 0, 0]}}, "date_done": "2023-03-31T22:51:21.295Z", "workout_id": 8, "mover_id": 1}{"69": {"Rx": {"id": 69, "ref_zones_id_a": 5, "ref_zones_id_b": "", "fixed_side_anchor_id": 9, "rotational_value": "", "start_coord": "", "end_coord": "", "drill_name": "capsule CAR", "rails": null, "reps_array": [3, 0, 0, 0, 0, 0], "multijoint": 0, "duration": 30, "passive_duration": "", "rpe": 6, "external_load": "", "comments": null, "side": "mid", "ref_joint_name": "TC", "ref_joint_type": "spinal", "ref_joint_id": 2}, "results": {"rails": null, "passive_duration": "", "duration": 30, "rpe": 6, "external_load": "", "reps_array": [3, 0, 0, 0, 0, 0]}}, "date_done": "2023-03-31T22:52:08.784Z", "workout_id": 8, "mover_id": 1}{"70": {"Rx": {"id": 70, "ref_zones_id_a": null, "ref_zones_id_b": null, "fixed_side_anchor_id": null, "rotational_value": null, "start_coord": null, "end_coord": null, "drill_name": "push-up", "rails": null, "reps_array": [2, 5, 1, 3, 1, 3], "multijoint": 1, "duration": 40, "passive_duration": null, "rpe": 9, "external_load": 10, "comments": null, "side": null, "ref_joint_name": null, "ref_joint_type": null, "ref_joint_id": null}, "results": {"rails": null, "passive_duration": null, "duration": 40, "rpe": 9, "external_load": 10, "reps_array": [2, 5, 1, 3, 1, 3]}}, "date_done": "2023-03-31T22:55:45.931Z", "workout_id": 8, "mover_id": 1}{"68": {"Rx": {"id": 68, "ref_zones_id_a": 121, "ref_zones_id_b": "", "fixed_side_anchor_id": 241, "rotational_value": "", "start_coord": "", "end_coord": "", "drill_name": "PRH", "rails": null, "reps_array": [3, 0, 0, 0, 0, 0], "multijoint": 0, "duration": 60, "passive_duration": "", "rpe": 7, "external_load": "", "comments": null, "side": "R", "ref_joint_name": "toes", "ref_joint_type": "synovial", "ref_joint_id": 18}, "results": {"rails": null, "passive_duration": "", "duration": 60, "rpe": 7, "external_load": "", "reps_array": [3, 0, 0, 0, 0, 0]}}, "date_done": "2023-03-31T22:58:53.362Z", "workout_id": 8, "mover_id": "1"}{"69": {"Rx": {"id": 69, "ref_zones_id_a": 5, "ref_zones_id_b": "", "fixed_side_anchor_id": 9, "rotational_value": "", "start_coord": "", "end_coord": "", "drill_name": "capsule CAR", "rails": null, "reps_array": [3, 0, 0, 0, 0, 0], "multijoint": 0, "duration": 30, "passive_duration": "", "rpe": 6, "external_load": "", "comments": null, "side": "mid", "ref_joint_name": "TC", "ref_joint_type": "spinal", "ref_joint_id": 2}, "results": {"rails": null, "passive_duration": "", "duration": 30, "rpe": 6, "external_load": "", "reps_array": [3, 0, 0, 0, 0, 0]}}, "date_done": "2023-03-31T23:14:05.636Z", "workout_id": 8, "mover_id": "1"}{"1": {"Rx": {"id": 1, "ref_zones_id_a": "", "ref_zones_id_b": "", "fixed_side_anchor_id": "", "rotational_value": "", "start_coord": "", "end_coord": "", "drill_name": "CARs", "rails": null, "reps_array": [1, 0, 0, 0, 0, 0], "multijoint": 0, "duration": 33, "passive_duration": "", "rpe": 7, "external_load": "", "comments": null, "side": "R", "ref_joint_name": "scapular-thoracic", "ref_joint_type": "sesamoid", "ref_joint_id": 4}, "results": {"rails": null, "passive_duration": "", "duration": 33, "rpe": 7, "external_load": "", "reps_array": [1, 0, 0, 0, 0, 0]}}, "date_done": "2023-04-10T14:44:34.417Z", "workout_id": 1, "mover_id": 1}{"1": {"Rx": {"id": 1, "ref_zones_id_a": "", "ref_zones_id_b": "", "fixed_side_anchor_id": "", "rotational_value": "", "start_coord": "", "end_coord": "", "drill_name": "CARs", "rails": null, "reps_array": [1, 0, 0, 0, 0, 0], "multijoint": 0, "duration": 33, "passive_duration": "", "rpe": 7, "external_load": "", "comments": null, "side": "R", "ref_joint_name": "scapular-thoracic", "ref_joint_type": "sesamoid", "ref_joint_id": 4}, "results": {"rails": null, "passive_duration": "", "duration": 33, "rpe": 7, "external_load": "", "reps_array": [1, 0, 0, 0, 0, 0]}}, "date_done": "2023-04-10T16:01:05.099Z", "workout_id": 1, "mover_id": 1}{"1": {"Rx": {"id": 1, "ref_zones_id_a": "", "ref_zones_id_b": "", "fixed_side_anchor_id": "", "rotational_value": "", "start_coord": "", "end_coord": "", "drill_name": "CARs", "rails": null, "reps_array": [1, 0, 0, 0, 0, 0], "multijoint": 0, "duration": 33, "passive_duration": "", "rpe": 7, "external_load": "", "comments": null, "side": "R", "ref_joint_name": "scapular-thoracic", "ref_joint_type": "sesamoid", "ref_joint_id": 4}, "results": {"rails": null, "passive_duration": "", "duration": 33, "rpe": 7, "external_load": "", "reps_array": [1, 0, 0, 0, 0, 0]}}, "date_done": "2023-04-10T16:05:44.782Z", "workout_id": 1, "mover_id": 1}{"1": {"Rx": {"id": 1, "ref_zones_id_a": "", "ref_zones_id_b": "", "fixed_side_anchor_id": "", "rotational_value": "", "start_coord": "", "end_coord": "", "drill_name": "CARs", "rails": null, "reps_array": [1, 0, 0, 0, 0, 0], "multijoint": 0, "duration": 33, "passive_duration": "", "rpe": 7, "external_load": "", "comments": null, "side": "R", "ref_joint_name": "scapular-thoracic", "ref_joint_type": "sesamoid", "ref_joint_id": 4}, "results": {"rails": null, "passive_duration": "", "duration": 33, "rpe": 7, "external_load": "", "reps_array": [1, 0, 0, 0, 0, 0]}}, "date_done": "2023-04-12T16:04:35.637Z", "workout_id": 1, "mover_id": 1}{"2": {"Rx": {"id": 2, "ref_zones_id_a": 29, "ref_zones_id_b": "", "fixed_side_anchor_id": 57, "rotational_value": "", "start_coord": "", "end_coord": "", "drill_name": "IC1", "rails": true, "reps_array": [2, 0, 0, 0, 0, 0], "multijoint": 0, "duration": 77, "passive_duration": 64, "rpe": 6, "external_load": "", "comments": null, "side": "L", "ref_joint_name": "GH", "ref_joint_type": "synovial", "ref_joint_id": 7}, "results": {"rails": true, "passive_duration": 64, "duration": 77, "rpe": 6, "external_load": "", "reps_array": [2, 0, 0, 0, 0, 0]}}, "date_done": "2023-04-12T16:04:53.903Z", "workout_id": 1, "mover_id": 1}{"3": {"Rx": {"id": 3, "ref_zones_id_a": 41, "ref_zones_id_b": "", "fixed_side_anchor_id": 81, "rotational_value": 90, "start_coord": 0, "end_coord": 15, "drill_name": "IC2", "rails": null, "reps_array": [1, 0, 0, 0, 0, 0], "multijoint": 0, "duration": 68, "passive_duration": 0, "rpe": 9, "external_load": "", "comments": null, "side": "R", "ref_joint_name": "elbow", "ref_joint_type": "synovial", "ref_joint_id": 8}, "results": {"rails": null, "passive_duration": 0, "duration": 68, "rpe": 9, "external_load": "", "reps_array": [1, 0, 0, 0, 0, 0]}}, "date_done": "2023-04-12T16:04:57.619Z", "workout_id": 1, "mover_id": 1}{"4": {"Rx": {"id": 4, "ref_zones_id_a": 63, "ref_zones_id_b": "", "fixed_side_anchor_id": 125, "rotational_value": "", "start_coord": 50, "end_coord": 100, "drill_name": "IC3", "rails": null, "reps_array": [2, 0, 0, 0, 0, 0], "multijoint": 0, "duration": 77, "passive_duration": "", "rpe": 5, "external_load": "", "comments": null, "side": "L", "ref_joint_name": "wrist", "ref_joint_type": "synovial", "ref_joint_id": 11}, "results": {"rails": null, "passive_duration": "", "duration": 77, "rpe": 5, "external_load": "", "reps_array": [2, 0, 0, 0, 0, 0]}}, "date_done": "2023-04-12T16:05:00.051Z", "workout_id": 1, "mover_id": 1}{"5": {"Rx": {"id": 5, "ref_zones_id_a": 115, "ref_zones_id_b": "", "fixed_side_anchor_id": 229, "rotational_value": "", "start_coord": 0, "end_coord": 5, "drill_name": "Muscular Scan", "rails": null, "reps_array": [1, 0, 0, 0, 0, 0], "multijoint": 0, "duration": 30, "passive_duration": "", "rpe": 9, "external_load": 15, "comments": null, "side": "L", "ref_joint_name": "ankle", "ref_joint_type": "synovial", "ref_joint_id": 17}, "results": {"rails": null, "passive_duration": "", "duration": 30, "rpe": 9, "external_load": 15, "reps_array": [1, 0, 0, 0, 0, 0]}}, "date_done": "2023-04-12T16:05:01.684Z", "workout_id": 1, "mover_id": 1}