{
    "5": {
        "Rx": {
            "comments": "None",
            "drill_name": "IC1",
            "duration": 80,
            "end_coord": "",
            "external_load": "",
            "fixed_side_anchor_id": 41,
            "id": 5,
            "passive_duration": 91,
            "rails": "True",
            "ref_joint_id": 6,
            "ref_joint_name": "GH",
            "ref_joint_type": "synovial",
            "ref_zones_id_a": 21,
            "ref_zones_id_b": "",
            "rotational_value": -100,
            "rpe": 6,
            "side": "R",
            "start_coord": ""
        },
        "results": {
            "duration": "80",
            "external_load": 0,
            "passive_duration": "90",
            "rails": "True",
            "rpe": 7
        }
    },
    "6": {
        "Rx": {
            "comments": "None",
            "drill_name": "IC2",
            "duration": 84,
            "end_coord": "",
            "external_load": "",
            "fixed_side_anchor_id": 61,
            "id": 6,
            "passive_duration": 70,
            "rails": "True",
            "ref_joint_id": 7,
            "ref_joint_name": "GH",
            "ref_joint_type": "synovial",
            "ref_zones_id_a": 31,
            "ref_zones_id_b": "",
            "rotational_value": -20,
            "rpe": 3,
            "side": "L",
            "start_coord": ""
        },
        "results": {
            "duration": "10",
            "external_load": 0,
            "passive_duration": "37",
            "rails": "False",
            "rpe": 3
        }
    },
    "date_done": "2023-02-01T19:05:28.905Z",
    "mover_id": "1"
}

{
    "8": {
        "Rx": {
            "id": 8,
            "ref_zones_id_a": "",
            "ref_zones_id_b": "",
            "fixed_side_anchor_id": "",
            "rotational_value": "",
            "start_coord": "",
            "end_coord": "",
            "drill_name": "CARs",
            "rails": null,
            "duration": 90,
            "passive_duration": "",
            "rpe": 5,
            "external_load": "",
            "comments": null,
            "side": "R",
            "ref_joint_name": "GH",
            "ref_joint_type": "synovial",
            "ref_joint_id": 6
        },
        "results": {
            "rails": false,
            "passive_duration": 0,
            "duration": "63",
            "rpe": 6,
            "external_load": "2"
        }
    },
    "9": {
        "Rx": {
            "id": 9,
            "ref_zones_id_a": 109,
            "ref_zones_id_b": "",
            "fixed_side_anchor_id": 217,
            "rotational_value": "",
            "start_coord": 50,
            "end_coord": "",
            "drill_name": "capsule CAR",
            "rails": null,
            "duration": 60,
            "passive_duration": "",
            "rpe": 7,
            "external_load": 2,
            "comments": null,
            "side": "L",
            "ref_joint_name": "ankle",
            "ref_joint_type": "synovial",
            "ref_joint_id": 17
        },
        "results": {
            "rails": false,
            "passive_duration": 0,
            "duration": "75",
            "rpe": 8,
            "external_load": "0"
        }
    },
    "10": {
        "Rx": {
            "id": 10,
            "ref_zones_id_a": 49,
            "ref_zones_id_b": "",
            "fixed_side_anchor_id": 97,
            "rotational_value": 100,
            "start_coord": 50,
            "end_coord": "",
            "drill_name": "IC1",
            "rails": true,
            "duration": 90,
            "passive_duration": 60,
            "rpe": 9,
            "external_load": "",
            "comments": null,
            "side": "L",
            "ref_joint_name": "elbow",
            "ref_joint_type": "synovial",
            "ref_joint_id": 9
        },
        "results": {
            "rails": true,
            "passive_duration": "75",
            "duration": "45",
            "rpe": 9,
            "external_load": 0
        }
    },
    "11": {
        "Rx": {
            "id": 11,
            "ref_zones_id_a": 105,
            "ref_zones_id_b": "",
            "fixed_side_anchor_id": 209,
            "rotational_value": "",
            "start_coord": 100,
            "end_coord": "",
            "drill_name": "IC2",
            "rails": null,
            "duration": 20,
            "passive_duration": 20,
            "rpe": 3,
            "external_load": "",
            "comments": null,
            "side": "R",
            "ref_joint_name": "ankle",
            "ref_joint_type": "synovial",
            "ref_joint_id": 16
        },
        "results": {
            "rails": false,
            "passive_duration": "25",
            "duration": "39",
            "rpe": 3,
            "external_load": 0
        }
    },
    "12": {
        "Rx": {
            "id": 12,
            "ref_zones_id_a": 85,
            "ref_zones_id_b": "",
            "fixed_side_anchor_id": 169,
            "rotational_value": "",
            "start_coord": 50,
            "end_coord": 100,
            "drill_name": "IC3",
            "rails": null,
            "duration": 60,
            "passive_duration": "",
            "rpe": 9,
            "external_load": 30,
            "comments": null,
            "side": "R",
            "ref_joint_name": "knee",
            "ref_joint_type": "synovial",
            "ref_joint_id": 14
        },
        "results": {
            "rails": false,
            "passive_duration": 0,
            "duration": "64",
            "rpe": 10,
            "external_load": 0
        }
    },
    "13": {
        "Rx": {
            "id": 13,
            "ref_zones_id_a": 141,
            "ref_zones_id_b": "",
            "fixed_side_anchor_id": 281,
            "rotational_value": 45,
            "start_coord": 50,
            "end_coord": 100,
            "drill_name": "Muscular Scan",
            "rails": null,
            "duration": 60,
            "passive_duration": "",
            "rpe": 7,
            "external_load": "",
            "comments": null,
            "side": "L",
            "ref_joint_name": "hallux",
            "ref_joint_type": "synovial",
            "ref_joint_id": 21
        },
        "results": {
            "rails": false,
            "passive_duration": 0,
            "duration": "25",
            "rpe": 8,
            "external_load": 0
        }
    },
    "14": {
        "Rx": {
            "id": 14,
            "ref_zones_id_a": 9,
            "ref_zones_id_b": "",
            "fixed_side_anchor_id": 17,
            "rotational_value": "",
            "start_coord": "",
            "end_coord": "",
            "drill_name": "PRH",
            "rails": null,
            "duration": 75,
            "passive_duration": "",
            "rpe": 9,
            "external_load": "",
            "comments": null,
            "side": "mid",
            "ref_joint_name": "LT",
            "ref_joint_type": "spinal",
            "ref_joint_id": 3
        },
        "results": {
            "rails": false,
            "passive_duration": 0,
            "duration": "131",
            "rpe": 9,
            "external_load": 0
        }
    },
    "mover_id": 1,
    "date_done": "2023-02-06T21:05:44.495Z"
}