[
  {
    "id": "1",
    "last_done": "2023-01-11",
    "date_init": "2023-01-12",
    "workout_title": "Buns n Guns",
    "moverid": "1",
    "comments": "",
    "inputs": [
      {
        "ref_joint_id": "",
        "ref_joint_name": "R GH",
        "id": "1",
        "workout_id": "",
        "ref_zones_id_a": "",
        "ref_zones_id_b": "",
        "fixed_side_anchor_id": "",
        "rotational_bias": "",
        "joint_motion": "",
        "start_coord": "",
        "end_coord": "",
        "tissue_id": "",
        "drill_name": "P/RAILs",
        "duration": "60",
        "passive_duration": "60",
        "rpe": "9/10",
        "external_load": ""
      },
      {
        "ref_joint_id": "",
        "ref_joint_name": "R Scapula",
        "id": "2",
        "workout_id": "",
        "ref_zones_id_a": "",
        "ref_zones_id_b": "",
        "fixed_side_anchor_id": "",
        "rotational_bias": "",
        "joint_motion": "",
        "start_coord": "",
        "end_coord": "",
        "tissue_id": "",
        "drill_name": "CARs",
        "duration": "60",
        "passive_duration": "0",
        "rpe": "6/10",
        "external_load": ""
      },
      {
        "ref_joint_id": "",
        "ref_joint_name": "L Scapula",
        "id": "3",
        "workout_id": "",
        "ref_zones_id_a": "",
        "ref_zones_id_b": "",
        "fixed_side_anchor_id": "",
        "rotational_bias": "",
        "joint_motion": "",
        "start_coord": "",
        "end_coord": "",
        "tissue_id": "",
        "drill_name": "CARs",
        "duration": "60",
        "passive_duration": "0",
        "rpe": "6/10",
        "external_load": ""
      }
    ]
  },
  {
    "id": "2",
    "workout_title": "Push It Real Good",
    "last_done": "2023-01-15",
    "date_init": "2023-01-13",
    "moverid": "1",
    "comments": "",
    "inputs": [
      {
        "ref_joint_id": "",
        "ref_joint_name": "L Hip",
        "id": "1",
        "workout_id": "",
        "ref_zones_id_a": "",
        "ref_zones_id_b": "",
        "fixed_side_anchor_id": "",
        "rotational_bias": "",
        "joint_motion": "",
        "start_coord": "",
        "end_coord": "",
        "tissue_id": "",
        "drill_name": "InpCycle 5",
        "duration": "60",
        "passive_duration": "120",
        "rpe": "6/10",
        "external_load": ""
      },
      {
        "ref_joint_id": "",
        "ref_joint_name": "Thoracic",
        "id": "2",
        "workout_id": "",
        "ref_zones_id_a": "",
        "ref_zones_id_b": "",
        "fixed_side_anchor_id": "",
        "rotational_bias": "",
        "joint_motion": "",
        "start_coord": "",
        "end_coord": "",
        "tissue_id": "",
        "drill_name": "CARs",
        "duration": "60",
        "passive_duration": "0",
        "rpe": "6/10",
        "external_load": ""
      },
      {
        "ref_joint_id": "",
        "ref_joint_name": "L Scapula",
        "id": "3",
        "workout_id": "",
        "ref_zones_id_a": "",
        "ref_zones_id_b": "",
        "fixed_side_anchor_id": "",
        "rotational_bias": "",
        "joint_motion": "",
        "start_coord": "",
        "end_coord": "",
        "tissue_id": "",
        "drill_name": "CARs",
        "duration": "60",
        "passive_duration": "0",
        "rpe": "6/10",
        "external_load": ""
      }
    ]
  }
]
